1562943819619,ROT,0,0,0,0.627433,0.70559,-0.328053,0.029147,246.0
1562943819619,GRA,0,0,0,-4.4403944,-4.1812243,-7.6791844
1562943819620,UAC,0,0,0,4.7109394,9.100112,14.843833
1562943819620,ROT,0,0,0,0.628007,0.705748,-0.32658,0.029514,246.0
1562943819622,GRA,0,0,0,-4.431114,-4.157003,-7.6976924
1562943819622,UAC,0,0,0,4.6394095,9.016035,15.286115
1562943819623,ROT,0,0,0,0.628578,0.705904,-0.325107,0.029882,246.0
1562943819623,GRA,0,0,0,-4.4217978,-4.1327415,-7.7160835
1562943819624,UAC,0,0,0,4.652838,8.900794,15.460129
1562943819624,ROT,0,0,0,0.629148,0.706059,-0.323632,0.030249,246.0
1562943819625,GRA,0,0,0,-4.4124045,-4.108441,-7.734436
1562943819625,UAC,0,0,0,4.787097,8.7328415,15.818458
1562943819626,ROT,0,0,0,0.629716,0.706211,-0.322156,0.030616,246.0
1562943819626,GRA,0,0,0,-4.4029536,-4.0840917,-7.75267
1562943819626,UAC,0,0,0,4.8303185,8.700112,16.112024
1562943819626,ROT,0,0,0,0.630283,0.706362,-0.32068,0.030983,246.0
1562943819626,GRA,0,0,0,-4.3934646,-4.0597196,-7.7708673
1562943819627,UAC,0,0,0,4.7968874,8.463854,16.229582
1562943819627,ROT,0,0,0,0.630847,0.70651,-0.319203,0.03135,246.0
1562943819627,GRA,0,0,0,-4.3839126,-4.0353003,-7.788918
1562943819628,UAC,0,0,0,4.686779,8.32571,16.40924
1562943819628,ROT,0,0,0,0.631411,0.706657,-0.317725,0.031717,246.0
1562943819628,GRA,0,0,0,-4.374317,-4.010844,-7.8069563
1562943819628,UAC,0,0,0,4.5311375,8.262947,16.798382
1562943819629,ROT,0,0,0,0.631972,0.706802,-0.316246,0.032084,246.0
1562943819629,GRA,0,0,0,-4.364659,-3.9863467,-7.8248777
1562943819629,UAC,0,0,0,4.401769,8.2192955,17.177826
1562943819629,ROT,0,0,0,0.632803,0.704847,-0.318328,0.037645,246.0
1562943819630,GRA,0,0,0,-4.4713006,-3.93346,-7.7913632
1562943819630,UAC,0,0,0,4.4509497,8.249008,17.28078
1562943819777,ROT,0,0,0,0.633754,0.700592,-0.324288,0.048597,246.0
1562943819779,GRA,0,0,0,-4.69867,-3.851955,-7.6976957
1562943819780,UAC,0,0,0,4.6675453,8.229753,17.018322
1562943819780,ROT,0,0,0,0.63461,0.694392,-0.333202,0.063744,246.0
1562943819781,GRA,0,0,0,-5.0154476,-3.744576,-7.549358
1562943819781,UAC,0,0,0,4.961578,8.08646,16.506067
1562943819782,ROT,0,0,0,0.635217,0.687945,-0.342036,0.079004,246.0
1562943819782,GRA,0,0,0,-5.327316,-3.630761,-7.3896832
1562943819783,UAC,0,0,0,5.356046,7.985814,15.954939
1562943819783,ROT,0,0,0,0.635615,0.681328,-0.35057,0.094262,246.0
1562943819784,GRA,0,0,0,-5.630015,-3.5095809,-7.2218966
1562943819784,UAC,0,0,0,5.7209945,7.9843435,15.456753
1562943819787,ROT,0,0,0,0.635855,0.674546,-0.358703,0.109573,246.0
1562943819787,GRA,0,0,0,-5.923121,-3.3791585,-7.047528
1562943819787,UAC,0,0,0,6.114657,8.049049,15.022614
1562943819787,ROT,0,0,0,0.635988,0.667602,-0.366341,0.124981,246.0
1562943819787,GRA,0,0,0,-6.206159,-3.2378337,-6.868051
1562943819788,UAC,0,0,0,6.547333,8.044193,14.655191
1562943819788,ORI,0,0,0,-0.001111207,-0.5568854,-0.056926843
1562943819788,ORI,0,0,0,-0.029315703,-0.5618974,-0.06961096
1562943819788,ROT,0,0,0,0.636036,0.660498,-0.373446,0.140491,246.0
1562943819788,GRA,0,0,0,-6.4786477,-3.085231,-6.684201
1562943819788,UAC,0,0,0,7.0101604,7.8963795,14.307339
1562943819788,ORI,0,0,0,-0.040285196,-0.5598782,-0.07447243
1562943819788,ORI,0,0,0,-0.010240317,-0.5170814,-0.06061805
1562943819788,ORI,0,0,0,-0.016320383,-0.5170814,-0.06061805
1562943819789,ROT,0,0,0,0.635997,0.653236,-0.380036,0.156078,246.0
1562943819789,GRA,0,0,0,-6.740258,-2.922147,-6.4961095
1562943819789,UAC,0,0,0,7.250223,7.7093534,14.89856
1562943819789,ORI,0,0,0,-0.0044688294,-0.43623817,-0.05552487
1562943819789,ORI,0,0,0,-0.08991384,-0.37978253,-0.07850747
1562943819789,ORI,0,0,0,-0.034497693,-0.37978253,-0.07850747
1562943819789,ROT,0,0,0,0.635774,0.645832,-0.386316,0.171612,246.0
1562943819789,GRA,0,0,0,-6.991008,-2.7534873,-6.301902
1562943819789,UAC,0,0,0,7.899607,7.3778877,17.851532
1562943819789,ORI,0,0,0,-0.11294805,-0.39294368,-0.1016051
1562943819789,ORI,0,0,0,-0.14850217,-0.44343722,-0.11917596
1562943819790,ORI,0,0,0,-0.16610016,-0.44343722,-0.11917596
1562943819790,ROT,0,0,0,0.635063,0.638312,-0.392886,0.186794,246.0
1562943819790,ORI,0,0,0,-0.16610016,-0.44343722,-0.11917596
1562943819790,GRA,0,0,0,-7.232212,-2.5920527,-6.0947776
1562943819790,UAC,0,0,0,8.4388895,7.412778,16.171972
1562943819790,ORI,0,0,0,-0.16409492,-0.48420766,-0.12485938
1562943819790,ORI,0,0,0,-0.16409492,-0.48420766,-0.12485938
1562943819790,ORI,0,0,0,-0.1376139,-0.48420766,-0.12485938
1562943819790,ROT,0,0,0,0.634082,0.630659,-0.399335,0.201839,246.0
1562943819790,GRA,0,0,0,-7.4629135,-2.429337,-5.8798866
1562943819791,UAC,0,0,0,8.636072,7.3841376,15.2268505
1562943819791,ORI,0,0,0,-0.07532138,-0.52123594,-0.1035581
1562943819791,ORI,0,0,0,-0.0509203,-0.5495537,-0.094738826
1562943819791,ORI,0,0,0,-0.050985854,-0.5495537,-0.094738826
1562943819791,ROT,0,0,0,0.632958,0.622866,-0.405438,0.216842,246.0
1562943819791,GRA,0,0,0,-7.6823087,-2.2610538,-5.6603556
1562943819791,UAC,0,0,0,8.464016,7.3223963,13.886832
1562943819791,ORI,0,0,0,-0.061190523,-0.5753779,-0.10060219
1562943819791,ORI,0,0,0,-0.07125415,-0.5934547,-0.10636661
1562943819791,ORI,0,0,0,-0.07360625,-0.5934547,-0.10636661
1562943819791,ROT,0,0,0,0.631757,0.614939,-0.411083,0.231824,246.0
1562943819791,ORI,0,0,0,-0.07360625,-0.5934547,-0.10636661
1562943819792,GRA,0,0,0,-7.8896894,-2.0855708,-5.438119
1562943819792,UAC,0,0,0,8.684565,7.1361394,12.882889
1562943819792,ORI,0,0,0,-0.035284087,-0.6041534,-0.08852542
1562943819792,ORI,0,0,0,-0.022654308,-0.6041534,-0.08852542
1562943819792,ROT,0,0,0,0.630527,0.606878,-0.4162,0.246801,246.0
1562943819792,GRA,0,0,0,-8.08467,-1.9018607,-5.214494
1562943819792,UAC,0,0,0,8.731105,6.9488378,12.497656
1562943819792,ORI,0,0,0,0.057860494,-0.61578137,-0.049195137
1562943819792,ORI,0,0,0,0.11093154,-0.6241612,-0.022185214
1562943819792,GYR,0,0,0,0.165116,0.3653857,0.056459017,-0.06924219,0.020240024,0.004261058
1562943819793,ORI,0,0,0,0.11232693,-0.61982656,-0.021909822
1562943819793,ORI,0,0,0,0.10315521,-0.61982656,-0.021909822
1562943819793,GYR,0,0,0,0.09054748,0.36751625,0.094808534,-0.06924219,0.020240024,0.004261058
1562943819793,ROT,0,0,0,0.62927,0.598709,-0.420795,0.261718,246.0
1562943819793,GRA,0,0,0,-8.266743,-1.7111125,-4.9902744
1562943819793,UAC,0,0,0,8.427155,6.9364576,12.310546
1562943819793,ORI,0,0,0,0.061157998,-0.6144566,-0.042833213
1562943819793,GYR,0,0,0,0.023435818,0.3685815,0.13741912,-0.06924219,0.020240024,0.004261058
1562943819793,ORI,0,0,0,0.025896804,-0.60994273,-0.06003533
1562943819793,ORI,0,0,0,0.028794084,-0.60994273,-0.06003533
1562943819794,GYR,0,0,0,-0.034088463,0.3717773,0.17044231,-0.06924219,0.020240024,0.004261058
1562943819794,ROT,0,0,0,0.628873,0.58981,-0.425677,0.274661,246.0
1562943819794,GRA,0,0,0,-8.427729,-1.5365388,-4.7730355
1562943819794,UAC,0,0,0,8.882627,6.8349075,12.341106
1562943819794,ORI,0,0,0,0.011370312,-0.6077497,-0.068452656
1562943819794,GYR,0,0,0,-0.08628642,0.3834952,0.1949434,-0.06924219,0.020240024,0.004261058
1562943819877,ORI,0,0,0,-0.007570098,-0.6077497,-0.068452656
1562943819878,GYR,0,0,0,-0.13209279,0.39840892,0.2130529,-0.06924219,0.020240024,0.004261058
1562943819878,ROT,0,0,0,0.628496,0.580866,-0.429674,0.288037,246.0
1562943819879,ORI,0,0,0,-0.023749357,-0.60652906,-0.07614086
1562943819879,GRA,0,0,0,-8.578059,-1.3445488,-4.5583763
1562943819879,UAC,0,0,0,9.101192,6.664465,12.188698
1562943819880,ORI,0,0,0,-0.025599899,-0.61029273,-0.07710676
1562943819880,GYR,0,0,0,-0.1736381,0.42290998,0.2247708,-0.06924219,0.020240024,0.004261058
1562943819880,ORI,0,0,0,-0.0386878,-0.6128844,-0.08346843
1562943819880,ORI,0,0,0,-0.029038368,-0.6128844,-0.08346843
1562943819881,GYR,0,0,0,-0.21837921,0.44741106,0.23222765,-0.06924219,0.020240024,0.004261058
1562943819881,ROT,0,0,0,0.628091,0.571973,-0.432865,0.301621,246.0
1562943819882,GRA,0,0,0,-8.716105,-1.1403502,-4.3473163
1562943819882,UAC,0,0,0,9.349372,6.4818144,11.916585
1562943819882,ORI,0,0,0,-0.03791015,-0.6184332,-0.087974496
1562943819883,GYR,0,0,0,-0.26738137,0.46978164,0.23435818,-0.06924219,0.020240024,0.004261058
1562943819883,ORI,0,0,0,-0.058528114,-0.62401426,-0.09841236
1562943819883,ORI,0,0,0,-0.07004679,-0.62401426,-0.09841236
1562943819883,GYR,0,0,0,-0.3174488,0.4889564,0.23222765,-0.06924219,0.020240024,0.004261058
1562943819884,ROT,0,0,0,0.62764,0.56323,-0.435258,0.315261,246.0
1562943819884,GRA,0,0,0,-8.840692,-0.92731565,-4.1415443
1562943819884,UAC,0,0,0,9.567331,6.2520204,11.50132
1562943819884,ORI,0,0,0,-0.07257536,-0.6201282,-0.0994293
1562943819884,GYR,0,0,0,-0.36432046,0.5113269,0.22583607,-0.06924219,0.020240024,0.004261058
1562943819885,ORI,0,0,0,-0.082811244,-0.6201282,-0.0994293
1562943819885,GYR,0,0,0,-0.40053943,0.5336975,0.21837921,-0.06924219,0.020240024,0.004261058
1562943819885,ROT,0,0,0,0.627053,0.554728,-0.436864,0.328984,246.0
1562943819885,ORI,0,0,0,-0.08763734,-0.61248726,-0.10126938
1562943819885,GRA,0,0,0,-8.952168,-0.70706457,-3.9406772
1562943819885,UAC,0,0,0,9.693174,6.0377545,11.368689
1562943819885,ORI,0,0,0,-0.09851086,-0.6025175,-0.10580364
1562943819886,GYR,0,0,0,-0.42717105,0.5581986,0.20453078,-0.06924219,0.020240024,0.004261058
1562943819886,ORI,0,0,0,-0.11158334,-0.59212434,-0.11116345
1562943819886,ORI,0,0,0,-0.11174839,-0.59212434,-0.11116345
1562943819886,GYR,0,0,0,-0.43888897,0.58483016,0.18961707,-0.06924219,0.020240024,0.004261058
1562943819886,ROT,0,0,0,0.626287,0.546501,-0.437796,0.342686,246.0
1562943819886,GRA,0,0,0,-9.050836,-0.4831962,-3.7441537
1562943819886,UAC,0,0,0,9.91993,5.7528343,11.530098
1562943819886,ORI,0,0,0,-0.12756702,-0.57960266,-0.11732878
1562943819886,GYR,0,0,0,-0.44208476,0.60720074,0.17150758,-0.06924219,0.020240024,0.004261058
1562943819886,ORI,0,0,0,-0.13454287,-0.5672829,-0.11911819
1562943819887,ORI,0,0,0,-0.13454287,-0.5672829,-0.11911819
1562943819887,GYR,0,0,0,-0.43569317,0.62317973,0.15126756,-0.06924219,0.020240024,0.004261058
1562943819887,ROT,0,0,0,0.625351,0.538526,-0.438255,0.356169,246.0
1562943819887,GRA,0,0,0,-9.1372385,-0.26048577,-3.5514615
1562943819887,UAC,0,0,0,10.100904,5.427173,11.603162
1562943819887,ORI,0,0,0,-0.1504251,-0.5540971,-0.12462483
1562943819887,GYR,0,0,0,-0.42184472,0.6317018,0.13102753,-0.06924219,0.020240024,0.004261058
1562943819887,ORI,0,0,0,-0.15261357,-0.5451926,-0.124372765
1562943819887,ORI,0,0,0,-0.1525269,-0.5451926,-0.124372765
1562943819887,GYR,0,0,0,-0.40053943,0.63702816,0.10972224,-0.06924219,0.020240024,0.004261058
1562943819888,ROT,0,0,0,0.624228,0.530735,-0.438486,0.369307,246.0
1562943819888,GRA,0,0,0,-9.212748,-0.04291589,-3.360548
1562943819888,UAC,0,0,0,10.249437,5.1114407,11.652865
1562943819888,ORI,0,0,0,-0.1415242,-0.5342507,-0.118122905
1562943819888,GYR,0,0,0,-0.3717773,0.6359629,0.08948222,-0.06924219,0.020240024,0.004261058
1562943819888,ORI,0,0,0,-0.14167681,-0.5342507,-0.118122905
1562943819888,GYR,0,0,0,-0.3355583,0.62744075,0.06711166,-0.06924219,0.020240024,0.004261058
1562943819888,ROT,0,0,0,0.622893,0.523036,-0.438716,0.382052,246.0
1562943819888,ORI,0,0,0,-0.11815119,-0.52462953,-0.107028626
1562943819888,GRA,0,0,0,-9.279054,0.16697277,-3.1687703
1562943819889,UAC,0,0,0,10.278633,4.851274,11.591572
1562943819889,ORI,0,0,0,-0.09185737,-0.5174231,-0.095466994
1562943819889,GYR,0,0,0,-0.29827404,0.6103965,0.051132694,-0.06924219,0.020240024,0.004261058
1562943819889,ORI,0,0,0,-0.050335668,-0.5128475,-0.07831203
1562943819889,ORI,0,0,0,-0.0502221,-0.5128475,-0.07831203
1562943819889,GYR,0,0,0,-0.25885928,0.58483016,0.041545313,-0.06924219,0.020240024,0.004261058
1562943819889,ROT,0,0,0,0.621333,0.515342,-0.439157,0.394345,246.0
1562943819889,GRA,0,0,0,-9.337603,0.36683747,-2.9740052
1562943819889,UAC,0,0,0,10.009176,4.467056,11.53208
1562943819889,ORI,0,0,0,-0.011665919,-0.51468486,-0.06281479
1562943819889,GYR,0,0,0,-0.221575,0.5454154,0.036218993,-0.06924219,0.020240024,0.004261058
1562943819890,ORI,0,0,0,0.016105723,-0.5148596,-0.051597353
1562943819890,ORI,0,0,0,0.014119374,-0.5148596,-0.051597353
1562943819890,GYR,0,0,0,-0.18855181,0.4910869,0.036218993,-0.06924219,0.020240024,0.004261058
1562943819890,ROT,0,0,0,0.619546,0.507527,-0.439935,0.406244,246.0
1562943819890,GRA,0,0,0,-9.389667,0.55717385,-2.7737305
1562943819890,UAC,0,0,0,9.824214,4.209682,11.188152
1562943820074,ORI,0,0,0,0.039350692,-0.51555973,-0.041375373
1562943820074,GYR,0,0,0,-0.1587244,0.4282363,0.040480047,-0.06924219,0.020240024,0.004261058
1562943820074,ORI,0,0,0,0.0394231,-0.51555973,-0.041375373
1562943820074,GYR,0,0,0,-0.13209279,0.36645097,0.04474111,-0.06924219,0.020240024,0.004261058
1562943820075,ROT,0,0,0,0.617489,0.499448,-0.441138,0.417917,246.0
1562943820075,ORI,0,0,0,0.05320123,-0.51364213,-0.03589657
1562943820075,GRA,0,0,0,-9.436461,0.7400816,-2.5642614
1562943820075,UAC,0,0,0,9.783621,4.016,10.949953
1562943820075,ORI,0,0,0,0.063297294,-0.51113594,-0.03197325
1562943820075,GYR,0,0,0,-0.10652645,0.314253,0.0479369,-0.06924219,0.020240024,0.004261058
1562943820075,ORI,0,0,0,0.080330014,-0.5080263,-0.025368111
1562943820075,ORI,0,0,0,0.078327104,-0.5080263,-0.025368111
1562943820075,GYR,0,0,0,-0.080960095,0.27057716,0.05006743,-0.06924219,0.020240024,0.004261058
1562943820075,ROT,0,0,0,0.615116,0.491023,-0.44279,0.429492,246.0
1562943820075,GRA,0,0,0,-9.478277,0.9172616,-2.3432262
1562943820076,UAC,0,0,0,9.693755,3.8124838,10.83546
1562943820076,ORI,0,0,0,0.09555347,-0.5124403,-0.01810269
1562943820076,GYR,0,0,0,-0.056459017,0.23435818,0.05006743,-0.06924219,0.020240024,0.004261058
1562943820076,ORI,0,0,0,0.113822,-0.5099137,-0.010982379
1562943820076,ORI,0,0,0,0.114176415,-0.5099137,-0.010982379
1562943820076,GYR,0,0,0,-0.034088463,0.20133498,0.05006743,-0.06924219,0.020240024,0.004261058
1562943820076,ROT,0,0,0,0.612483,0.48233,-0.444791,0.440888,246.0
1562943820076,GRA,0,0,0,-9.514028,1.0885452,-2.1138759
1562943820076,UAC,0,0,0,9.607402,3.6663394,10.615686
1562943820076,ORI,0,0,0,0.1390363,-0.50982153,-9.819046E-4
1562943820076,GYR,0,0,0,-0.011717909,0.17150758,0.05219796,-0.06924219,0.020240024,0.004261058
1562943820077,ORI,0,0,0,0.13706416,-0.50982153,-9.819046E-4
1562943820077,GYR,0,0,0,0.008522116,0.1438107,0.058589544,-0.06924219,0.020240024,0.004261058
1562943820077,ROT,0,0,0,0.609645,0.473448,-0.447044,0.452029,246.0
1562943820077,ORI,0,0,0,0.14441286,-0.5064021,0.0015275645
1562943820077,GRA,0,0,0,-9.542858,1.2537829,-1.8793472
1562943820077,UAC,0,0,0,9.551238,3.5178614,10.413479
1562943820077,ORI,0,0,0,0.15058132,-0.5053296,0.0038524852
1562943820077,GYR,0,0,0,0.008522116,0.1438107,0.058589544,-0.06924219,0.020240024,0.004261058
1562943820077,ORI,0,0,0,0.16017273,-0.50894696,0.008235916
1562943820078,ORI,0,0,0,0.16062057,-0.50894696,0.008235916
1562943820078,GYR,0,0,0,0.054328486,0.08735169,0.066046394,-0.06924219,0.020240024,0.004261058
1562943820078,ROT,0,0,0,0.606652,0.464389,-0.449479,0.462907,246.0
1562943820078,GRA,0,0,0,-9.564353,1.4139298,-1.6413158
1562943820078,UAC,0,0,0,9.492527,3.4522848,10.362195
1562943820078,ORI,0,0,0,0.1727253,-0.513653,0.013887996
1562943820078,GYR,0,0,0,0.054328486,0.08735169,0.066046394,-0.06924219,0.020240024,0.004261058
1562943820078,ORI,0,0,0,0.17063613,-0.513653,0.013887996
1562943820079,GYR,0,0,0,0.10972224,0.04261058,0.07137272,-0.06924219,0.020240024,0.004261058
1562943820079,ROT,0,0,0,0.603529,0.455149,-0.452088,0.473505,246.0
1562943820079,ORI,0,0,0,0.17513809,-0.5170506,0.016283408
1562943820079,GRA,0,0,0,-9.578421,1.5691935,-1.4005435
1562943820079,UAC,0,0,0,9.457514,3.3425117,10.105861
1562943820079,ORI,0,0,0,0.18614829,-0.5189899,0.021173306
1562943820079,GYR,0,0,0,0.10972224,0.04261058,0.07137272,-0.06924219,0.020240024,0.004261058
1562943820079,ORI,0,0,0,0.1866334,-0.5189899,0.021173306
1562943820079,GYR,0,0,0,0.16831179,-0.011717909,0.07350325,-0.06924219,0.020240024,0.004261058
1562943820079,ROT,0,0,0,0.600348,0.445734,-0.454838,0.48376,246.0
1562943820079,ORI,0,0,0,0.2013679,-0.5183032,0.027180718
1562943820080,GRA,0,0,0,-9.584811,1.7198429,-1.1590776
1562943820080,UAC,0,0,0,9.401655,3.2217894,9.808131
1562943820080,ORI,0,0,0,0.19933827,-0.51752025,0.02619069
1562943820080,GYR,0,0,0,0.16831179,-0.011717909,0.07350325,-0.06924219,0.020240024,0.004261058
1562943820080,ORI,0,0,0,0.17066772,-0.52024597,0.014753028
1562943820080,ORI,0,0,0,0.16890751,-0.52024597,0.014753028
1562943820080,GYR,0,0,0,0.23116238,-0.07989483,0.070307456,-0.06924219,0.020240024,0.004261058
1562943820080,ROT,0,0,0,0.5971,0.436127,-0.457765,0.493674,246.0
1562943820080,GRA,0,0,0,-9.583766,1.8657954,-0.91663146
1562943820080,UAC,0,0,0,9.454479,3.1548455,9.67941
1562943820080,ORI,0,0,0,0.14648174,-0.52389115,0.005991214
1562943820080,GYR,0,0,0,0.23116238,-0.07989483,0.070307456,-0.06924219,0.020240024,0.004261058
1562943820081,ORI,0,0,0,0.12290441,-0.5293812,-0.0031463646
1562943820081,ORI,0,0,0,0.12106933,-0.5293812,-0.0031463646
1562943820081,GYR,0,0,0,0.29507825,-0.1555286,0.04580637,-0.06924219,0.020240024,0.004261058
1562943820081,ROT,0,0,0,0.593766,0.426284,-0.460923,0.503262,246.0
1562943820081,GRA,0,0,0,-9.575466,2.0071418,-0.67226714
1562943820081,UAC,0,0,0,9.603,3.1128585,9.423074
1562943820081,ORI,0,0,0,0.10874983,-0.53484356,-0.0077335844
1562943820081,GYR,0,0,0,0.29507825,-0.1555286,0.04580637,-0.06924219,0.020240024,0.004261058
1562943820081,GYR,0,0,0,0.34301516,-0.22050974,0.0063915867,-0.06924219,0.020240024,0.004261058
1562943820081,ORI,0,0,0,0.09668925,-0.53383064,-0.012898037
1562943820082,ROT,0,0,0,0.590306,0.416223,-0.464369,0.512501,246.0
1562943820082,ORI,0,0,0,0.09668925,-0.53383064,-0.012898037
1562943820082,GYR,0,0,0,0.34301516,-0.22050974,0.0063915867,-0.06924219,0.020240024,0.004261058
1562943820082,GRA,0,0,0,-9.5602,2.1427796,-0.425662
1562943820082,UAC,0,0,0,9.67153,2.959264,9.056759
1562943820082,ORI,0,0,0,0.09481309,-0.53383064,-0.012898037
1562943820082,ORI,0,0,0,0.09481309,-0.53383064,-0.012898037
1562943820082,GYR,0,0,0,0.34301516,-0.22050974,0.0063915867,-0.06924219,0.020240024,0.004261058
1562943820082,ORI,0,0,0,0.07238751,-0.53307724,-0.022320835
1562943820082,ORI,0,0,0,0.06839338,-0.53307724,-0.022320835
1562943820082,GYR,0,0,0,0.36964676,-0.24181503,-0.033023197,-0.06924219,0.020240024,0.004261058
1562943820082,ROT,0,0,0,0.586689,0.406037,-0.468068,0.521383,246.0
1562943820083,GRA,0,0,0,-9.538166,2.2719407,-0.1778931
1562943820083,UAC,0,0,0,9.729702,2.7917957,8.757514
1562943820083,ORI,0,0,0,0.06839338,-0.53307724,-0.022320835
1562943820083,GYR,0,0,0,0.36964676,-0.24181503,-0.033023197,-0.06924219,0.020240024,0.004261058
1562943820083,ORI,0,0,0,0.06839338,-0.53307724,-0.022320835
1562943820083,GYR,0,0,0,0.3717773,-0.22903186,-0.07243799,-0.06924219,0.020240024,0.004261058
1562943820083,ROT,0,0,0,0.582969,0.395878,-0.471853,0.529887,246.0
1562943820083,ORI,0,0,0,0.053764924,-0.5490253,-0.027614903
1562943820083,GRA,0,0,0,-9.509436,2.3950095,0.06722937
1562943820083,UAC,0,0,0,9.700972,2.668727,8.512392
1562943820083,ORI,0,0,0,0.053764924,-0.5490253,-0.027614903
1562943820084,GYR,0,0,0,0.3717773,-0.22903186,-0.07243799,-0.06924219,0.020240024,0.004261058
1562943820084,ORI,0,0,0,0.049966205,-0.5490253,-0.027614903
1562943820084,GYR,0,0,0,0.3536678,-0.22050974,-0.10333065,-0.06924219,0.020240024,0.004261058
1562943820084,ROT,0,0,0,0.579192,0.385887,-0.475558,0.538024,246.0
1562943820084,ORI,0,0,0,0.066828094,-0.5634527,-0.019503953
1562943820084,GRA,0,0,0,-9.474319,2.5126116,0.30651423
1562943820084,UAC,0,0,0,9.704163,2.5798552,8.014534
1562943820084,ORI,0,0,0,0.066828094,-0.5634527,-0.019503953
1562943820084,GYR,0,0,0,0.3536678,-0.22050974,-0.10333065,-0.06924219,0.020240024,0.004261058
1562943820084,ORI,0,0,0,0.10152343,-0.5771362,-0.0028648898
1562943820084,ORI,0,0,0,0.099802434,-0.5771362,-0.0028648898
1562943820085,GYR,0,0,0,0.3153183,-0.21092236,-0.11717909,-0.06924219,0.020240024,0.004261058
1562943820085,ROT,0,0,0,0.575337,0.37608,-0.479128,0.54588,246.0
1562943820085,GRA,0,0,0,-9.433108,2.6257212,0.54036915
1562943820085,UAC,0,0,0,9.455853,2.5433605,7.3988037
1562943820085,ORI,0,0,0,0.099802434,-0.5771362,-0.0028648898
1562943820085,GYR,0,0,0,0.3153183,-0.21092236,-0.11717909,-0.06924219,0.020240024,0.004261058
1562943820085,ORI,0,0,0,0.09634217,-0.5771362,-0.0028648898
1562943820085,GYR,0,0,0,0.26205507,-0.19600865,-0.11611383,-0.06924219,0.020240024,0.004261058
1562943820085,ROT,0,0,0,0.571404,0.366474,-0.482473,0.553545,246.0
1562943820085,ORI,0,0,0,0.1162553,-0.5929034,0.007839963
1562943820085,GRA,0,0,0,-9.385882,2.7357419,0.76872957
1562943820086,UAC,0,0,0,9.4086275,2.4333398,7.170443
1562943820086,ORI,0,0,0,0.1162553,-0.5929034,0.007839963
1562943820086,GYR,0,0,0,0.26205507,-0.19600865,-0.11611383,-0.06924219,0.020240024,0.004261058
1562943820086,ORI,0,0,0,0.112772465,-0.5929034,0.007839963
1562943820086,GYR,0,0,0,0.19600865,-0.18855181,-0.096939065,-0.06924219,0.020240024,0.004261058
1562943820086,ROT,0,0,0,0.567411,0.357084,-0.485506,0.561086,246.0
1562943820086,ORI,0,0,0,0.12611686,-0.60203516,0.01513145
1562943820086,GRA,0,0,0,-9.33272,2.8439276,0.9911729
1562943820086,UAC,0,0,0,9.2716675,2.4029653,6.795968
1562943820086,ORI,0,0,0,0.12611686,-0.60203516,0.01513145
1562943820087,GYR,0,0,0,0.19600865,-0.18855181,-0.096939065,-0.06924219,0.020240024,0.004261058
1562943820090,ORI,0,0,0,0.12270735,-0.60203516,0.01513145
1562943820091,GYR,0,0,0,0.1587244,-0.18109496,-0.083090626,-0.06924219,0.020240024,0.004261058
1562943820091,ROT,0,0,0,0.563342,0.347878,-0.488181,0.568598,246.0
1562943820091,ORI,0,0,0,0.09661433,-0.6069063,0.003125478
1562943820091,GRA,0,0,0,-9.273474,2.9515598,1.2087033
1562943820091,UAC,0,0,0,9.157355,2.3216693,6.464713
1562943820091,ORI,0,0,0,0.09661433,-0.6069063,0.003125478
1562943820091,GYR,0,0,0,0.11717909,-0.17257284,-0.06924219,-0.06924219,0.020240024,0.004261058
1562943820091,ORI,0,0,0,0.088138826,-0.6011123,-0.00139039
1562943820091,ORI,0,0,0,0.08476763,-0.6011123,-0.00139039
1562943820091,GYR,0,0,0,0.07669904,-0.1587244,-0.05539375,-0.06924219,0.020240024,0.004261058
1562943820092,ROT,0,0,0,0.559263,0.3388,-0.490572,0.576001,246.0
1562943820092,GRA,0,0,0,-9.2086,3.0583065,1.4207766
1562943820092,UAC,0,0,0,9.219374,2.255624,6.3280573
1562943820092,ORI,0,0,0,0.08476763,-0.6011123,-0.00139039
1562943820092,GYR,0,0,0,0.039414786,-0.14487597,-0.04261058,-0.06924219,0.020240024,0.004261058
1562943820092,ORI,0,0,0,0.082985386,-0.6011123,-0.00139039
1562943820092,GYR,0,0,0,0.007456851,-0.12783173,-0.029827405,-0.06924219,0.020240024,0.004261058
1562943820092,ROT,0,0,0,0.555089,0.329969,-0.492543,0.583434,246.0
1562943820092,ORI,0,0,0,0.067437656,-0.58959144,-0.009409345
1562943820092,GRA,0,0,0,-9.138235,3.1642895,1.6278385
1562943820093,UAC,0,0,0,9.149009,2.149641,6.120995
1562943820093,ORI,0,0,0,0.067437656,-0.58959144,-0.009409345
1562943820093,GYR,0,0,0,-0.020240024,-0.10865697,-0.020240024,-0.06924219,0.020240024,0.004261058
1562943820093,ORI,0,0,0,0.055954903,-0.58310336,-0.015019353
1562943820093,ORI,0,0,0,0.054150306,-0.58310336,-0.015019353
1562943820093,GYR,0,0,0,-0.043675844,-0.08628642,-0.010652645,-0.06924219,0.020240024,0.004261058
1562943820093,ROT,0,0,0,0.550849,0.321395,-0.494125,0.590855,246.0
1562943820093,GRA,0,0,0,-9.063034,3.2688034,1.8293444
1562943820093,UAC,0,0,0,9.181547,1.9361913,6.0607476
1562943820093,ORI,0,0,0,0.054150306,-0.58310336,-0.015019353
1562943820094,GYR,0,0,0,-0.06924219,-0.0628506,0.002130529,-0.06924219,0.020240024,0.004261058
1562943820237,ORI,0,0,0,0.016186671,-0.5802115,-0.032251738
1562943820237,ORI,0,0,0,0.014377831,-0.5802115,-0.032251738
1562943820237,GYR,0,0,0,-0.09161274,-0.0479369,0.0127831735,-0.06924219,0.020240024,0.004261058
1562943820238,ROT,0,0,0,0.546597,0.313087,-0.495355,0.598189,246.0
1562943820238,GRA,0,0,0,-8.983769,3.3711164,2.0242546
1562943820238,UAC,0,0,0,9.239949,1.8362725,5.9161158
1562943820238,ORI,0,0,0,0.014377831,-0.5802115,-0.032251738
1562943820238,GYR,0,0,0,-0.10759171,-0.039414786,0.01917476,-0.06924219,0.020240024,0.004261058
1562943820238,ORI,0,0,0,0.01081109,-0.57873124,-0.033867642
1562943820238,ORI,0,0,0,0.006910527,-0.57873124,-0.033867642
1562943820238,GYR,0,0,0,-0.12037488,-0.036218993,0.022370555,-0.06924219,0.020240024,0.004261058
1562943820238,ROT,0,0,0,0.542334,0.305011,-0.496242,0.605461,246.0
1562943820239,GRA,0,0,0,-8.900539,3.47161,2.213206
1562943820239,UAC,0,0,0,9.172281,1.7716918,5.807369
1562943820239,ORI,0,0,0,0.006910527,-0.57873124,-0.033867642
1562943820239,GYR,0,0,0,-0.12783173,-0.036218993,0.026631612,-0.06924219,0.020240024,0.004261058
1562943820239,ORI,0,0,0,0.032004382,-0.5770549,-0.022696223
1562943820239,ORI,0,0,0,0.030175814,-0.5770549,-0.022696223
1562943820239,GYR,0,0,0,-0.12996227,-0.034088463,0.02876214,-0.06924219,0.020240024,0.004261058
1562943820239,ROT,0,0,0,0.538027,0.297086,-0.49694,0.61263,246.0
1562943820239,GRA,0,0,0,-8.813647,3.5691807,2.398057
1562943820240,UAC,0,0,0,8.995606,1.6501791,5.61773
1562943820240,ORI,0,0,0,0.030175814,-0.5770549,-0.022696223
1562943820240,GYR,0,0,0,-0.128897,-0.033023197,0.035153728,-0.06924219,0.020240024,0.004261058
1562943820240,ORI,0,0,0,0.040228136,-0.5762307,-0.018258711
1562943820240,ORI,0,0,0,0.03843162,-0.5762307,-0.018258711
1562943820240,GYR,0,0,0,-0.12250541,-0.036218993,0.041545313,-0.06924219,0.020240024,0.004261058
1562943820240,ROT,0,0,0,0.533706,0.28926,-0.497521,0.619643,246.0
1562943820240,GRA,0,0,0,-8.723366,3.663652,2.578885
1562943820241,UAC,0,0,0,8.869412,1.5341601,5.418946
1562943820241,ORI,0,0,0,0.03274273,-0.57584745,-0.02078953
1562943820241,GYR,0,0,0,-0.113983296,-0.043675844,0.046871636,-0.06924219,0.020240024,0.004261058
1562943820241,ORI,0,0,0,0.0286174,-0.5719193,-0.022716526
1562943820241,ORI,0,0,0,0.026629891,-0.5719193,-0.022716526
1562943820241,GYR,0,0,0,-0.10333065,-0.05539375,0.053263225,-0.06924219,0.020240024,0.004261058
1562943820241,ROT,0,0,0,0.529424,0.281469,-0.498006,0.626477,246.0
1562943820241,GRA,0,0,0,-8.62966,3.7559223,2.7553825
1562943820241,UAC,0,0,0,8.810422,1.3664722,5.2005496
1562943820242,ORI,0,0,0,0.016364794,-0.5699344,-0.027242847
1562943820242,GYR,0,0,0,-0.09161274,-0.070307456,0.058589544,-0.06924219,0.020240024,0.004261058
1562943820242,ORI,0,0,0,0.015146772,-0.56928974,-0.027783014
1562943820242,ORI,0,0,0,0.013197113,-0.56928974,-0.027783014
1562943820242,GYR,0,0,0,-0.07989483,-0.08628642,0.06178534,-0.06924219,0.020240024,0.004261058
1562943820242,ROT,0,0,0,0.525168,0.273635,-0.498468,0.633128,246.0
1562943820242,GRA,0,0,0,-8.532285,3.846173,2.9287064
1562943820242,UAC,0,0,0,8.756143,1.3109376,5.126585
1562943820242,ORI,0,0,0,0.0031337219,-0.56677175,-0.032166027
1562943820243,GYR,0,0,0,-0.066046394,-0.101200126,0.0628506,-0.06924219,0.020240024,0.004261058
1562943820243,ORI,0,0,0,-0.0030914498,-0.5628548,-0.034847464
1562943820243,ORI,0,0,0,-0.003096697,-0.5628548,-0.034847464
1562943820243,GYR,0,0,0,-0.053263225,-0.10865697,0.0628506,-0.06924219,0.020240024,0.004261058
1562943820243,ROT,0,0,0,0.520917,0.265719,-0.498953,0.639596,246.0
1562943820243,GRA,0,0,0,-8.431089,3.9343328,3.0996642
1562943820243,UAC,0,0,0,8.716,1.225172,5.072943
1562943820243,ORI,0,0,0,-0.014900466,-0.56290203,-0.03990304
1562943820243,GYR,0,0,0,-0.03834952,-0.11611383,0.0628506,-0.06924219,0.020240024,0.004261058
1562943820244,ORI,0,0,0,-0.016963333,-0.56290203,-0.03990304
1562943820244,GYR,0,0,0,-0.024501082,-0.11824436,0.06178534,-0.06924219,0.020240024,0.004261058
1562943820244,ROT,0,0,0,0.516685,0.257758,-0.499473,0.64585,246.0
1562943820244,ORI,0,0,0,-0.03243714,-0.557081,-0.046337776
1562943820244,GRA,0,0,0,-8.326694,4.0199,3.2675254
1562943820244,UAC,0,0,0,8.654699,1.1683354,4.9481773
1562943820244,ORI,0,0,0,-0.043543175,-0.5547166,-0.050929572
1562943820244,GYR,0,0,0,-0.00958738,-0.11611383,0.06178534,-0.06924219,0.020240024,0.004261058
1562943820244,ORI,0,0,0,-0.08628463,-0.5567661,-0.06907323
1562943820245,ORI,0,0,0,-0.088510595,-0.5567661,-0.06907323
1562943820245,GYR,0,0,0,0.0053263223,-0.1107875,0.05752428,-0.06924219,0.020240024,0.004261058
1562943820245,ROT,0,0,0,0.512504,0.249788,-0.500006,0.651872,246.0
1562943820245,GRA,0,0,0,-8.219638,4.1029353,3.431261
1562943820245,UAC,0,0,0,8.79664,1.100862,4.9089403
1562943820245,ORI,0,0,0,-0.088510595,-0.5567661,-0.06907323
1562943820245,GYR,0,0,0,0.017044231,-0.10333065,0.05219796,-0.06924219,0.020240024,0.004261058
1562943820245,GYR,0,0,0,0.024501082,-0.0958738,0.04474111,-0.06924219,0.020240024,0.004261058
1562943820246,ORI,0,0,0,-0.09776674,-0.5606817,-0.07334232
1562943820246,ROT,0,0,0,0.508418,0.241849,-0.500516,0.657649,246.0
1562943820246,ORI,0,0,0,-0.09776674,-0.5606817,-0.07334232
1562943820246,GYR,0,0,0,0.024501082,-0.0958738,0.04474111,-0.06924219,0.020240024,0.004261058
1562943820246,GRA,0,0,0,-8.110553,4.1837387,3.5896294
1562943820246,UAC,0,0,0,8.71868,1.0272412,4.687126
1562943820246,ORI,0,0,0,-0.09793377,-0.5606817,-0.07334232
1562943820246,ORI,0,0,0,-0.108461834,-0.56580657,-0.07834453
1562943820247,GYR,0,0,0,0.029827405,-0.09161274,0.035153728,-0.06924219,0.020240024,0.004261058
1562943820247,ORI,0,0,0,-0.110937886,-0.5667906,-0.07951386
1562943820247,ORI,0,0,0,-0.11131126,-0.5667906,-0.07951386
1562943820247,GYR,0,0,0,0.034088463,-0.08841695,0.024501082,-0.06924219,0.020240024,0.004261058
1562943820247,ROT,0,0,0,0.504413,0.234017,-0.500994,0.66318,246.0
1562943820247,GRA,0,0,0,-8.00033,4.26149,3.7422879
1562943820247,UAC,0,0,0,8.659932,1.0237103,4.5356646
1562943820247,ORI,0,0,0,-0.11352271,-0.56773245,-0.080566086
1562943820247,GYR,0,0,0,0.034088463,-0.07989483,0.013848438,-0.06924219,0.020240024,0.004261058
1562943820247,ORI,0,0,0,-0.113943025,-0.56773245,-0.080566086
1562943820248,ROT,0,0,0,0.500442,0.226304,-0.501467,0.668485,246.0
1562943820248,GRA,0,0,0,-7.889175,4.3355985,3.8901856
1562943820248,UAC,0,0,0,8.5571575,0.9579816,4.3829784
1562943820248,GYR,0,0,0,0.034088463,-0.06498113,0.0053263223,-0.06924219,0.020240024,0.004261058
1562943820248,GYR,0,0,0,0.034088463,-0.06498113,0.0053263223,-0.06924219,0.020240024,0.004261058
1562943820248,ORI,0,0,0,-0.119495936,-0.5672923,-0.08291357
1562943820248,ORI,0,0,0,-0.119495936,-0.5672923,-0.08291357
1562943820248,ORI,0,0,0,-0.11175581,-0.56795067,-0.07964542
1562943820249,GYR,0,0,0,0.035153728,-0.05006743,-0.002130529,-0.06924219,0.020240024,0.004261058
1562943820249,ORI,0,0,0,-0.08880267,-0.57188356,-0.070083514
1562943820249,ORI,0,0,0,-0.0869682,-0.57188356,-0.070083514
1562943820249,GYR,0,0,0,0.039414786,-0.040480047,-0.0063915867,-0.06924219,0.020240024,0.004261058
1562943820249,ROT,0,0,0,0.496522,0.218787,-0.501886,0.673578,246.0
1562943820249,GRA,0,0,0,-7.777999,4.4059353,4.0324583
1562943820249,UAC,0,0,0,8.353805,0.8864474,4.1700764
1562943820249,ORI,0,0,0,-0.06345967,-0.5821644,-0.060523093
1562943820250,GYR,0,0,0,0.043675844,-0.036218993,-0.00958738,-0.06924219,0.020240024,0.004261058
1562943820250,ORI,0,0,0,-0.04240655,-0.5887716,-0.051505428
1562943820250,ORI,0,0,0,-0.0425964,-0.5887716,-0.051505428
1562943820250,GYR,0,0,0,0.046871636,-0.041545313,-0.00958738,-0.06924219,0.020240024,0.004261058
1562943820250,ROT,0,0,0,0.476126,0.183727,-0.501939,0.698287,246.0
1562943820250,GRA,0,0,0,-7.20358,4.7121515,4.6983356
1562943820250,UAC,0,0,0,7.6153827,0.6293125,3.2899184
1562943820250,ORI,0,0,0,-0.030013787,-0.59580505,-0.04610254
1562943820250,GYR,0,0,0,0.05006743,-0.056459017,-0.0063915867,-0.06924219,0.020240024,0.004261058
1562943820251,ORI,0,0,0,-0.013390137,-0.60075456,-0.038670737
1562943820251,ORI,0,0,0,-0.013431884,-0.60075456,-0.038670737
1562943820251,GYR,0,0,0,0.05006743,-0.0777643,-0.002130529,-0.06924219,0.020240024,0.004261058
1562943820251,ROT,0,0,0,0.456793,0.151364,-0.500957,0.719354,246.0
1562943820251,GRA,0,0,0,-6.6237636,4.957635,5.26478
1562943820251,UAC,0,0,0,6.9278274,0.4317131,2.5941873
1562943820251,ORI,0,0,0,-0.02173297,-0.6037452,-0.04249505
1562943820251,GYR,0,0,0,0.0479369,-0.098004326,0.0031957934,-0.06924219,0.020240024,0.004261058
1562943820251,GYR,0,0,0,0.041545313,-0.112918034,0.007456851,-0.06924219,0.020240024,0.004261058
1562943820252,ORI,0,0,0,-0.027882721,-0.6069088,-0.045381382
1562943820252,ROT,0,0,0,0.438651,0.121544,-0.499234,0.737277,246.0
1562943820252,ORI,0,0,0,-0.027882721,-0.6069088,-0.045381382
1562943820252,GYR,0,0,0,0.041545313,-0.112918034,0.007456851,-0.06924219,0.020240024,0.004261058
1562943820252,GRA,0,0,0,-6.0526857,5.1529703,5.7430167
1562943820252,UAC,0,0,0,6.4058304,0.25194025,2.0333505
1562943820252,ORI,0,0,0,-0.026114319,-0.6069088,-0.045381382
1562943820284,ORI,0,0,0,-0.037672576,-0.6068781,-0.05068343
1562943820284,GYR,0,0,0,0.03195793,-0.12037488,0.00958738,-0.06924219,0.020240024,0.004261058
1562943820284,GYR,0,0,0,0.020240024,-0.12357068,0.00958738,-0.06924219,0.020240024,0.004261058
1562943820284,ORI,0,0,0,-0.04208233,-0.61073923,-0.052853353
1562943820284,ROT,0,0,0,0.421735,0.094142,-0.496961,0.752532,246.0
1562943820284,ORI,0,0,0,-0.04208233,-0.61073923,-0.052853353
1562943820285,GYR,0,0,0,0.020240024,-0.12357068,0.00958738,-0.06924219,0.020240024,0.004261058
1562943820285,GRA,0,0,0,-5.5001717,5.3070483,6.1443944
1562943820285,UAC,0,0,0,5.9059887,0.07032871,1.526628
1562943820285,ORI,0,0,0,-0.042210426,-0.61073923,-0.052853353
1562943820285,ORI,0,0,0,-0.048626352,-0.6141919,-0.055963024
1562943820285,ORI,0,0,0,-0.048699778,-0.6141919,-0.055963024
1562943820285,GYR,0,0,0,-0.0127831735,-0.12676647,0.0127831735,-0.06924219,0.020240024,0.004261058
1562943820286,ROT,0,0,0,0.40606,0.069113,-0.494288,0.765517,246.0
1562943820286,GRA,0,0,0,-4.9742813,5.426689,6.479031
1562943820286,UAC,0,0,0,5.398055,-0.084028244,1.0854492
1562943820287,ORI,0,0,0,-0.05209149,-0.6170809,-0.057670873
1562943820287,GYR,0,0,0,-0.03089267,-0.12783173,0.0127831735,-0.06924219,0.020240024,0.004261058
1562943820287,ORI,0,0,0,-0.06532964,-0.6129009,-0.06360336
1562943820287,ORI,0,0,0,-0.06343092,-0.6129009,-0.06360336
1562943820287,GYR,0,0,0,-0.05006743,-0.12783173,0.010652645,-0.06924219,0.020240024,0.004261058
1562943820287,ROT,0,0,0,0.391583,0.046342,-0.491343,0.776592,246.0
1562943820288,GRA,0,0,0,-4.4794893,5.517818,6.7570796
1562943820288,UAC,0,0,0,4.9643154,-0.15360928,0.8552847
1562943820288,ORI,0,0,0,-0.0706541,-0.6091891,-0.06671287
1562943820288,GYR,0,0,0,-0.066046394,-0.12783173,0.010652645,-0.06924219,0.020240024,0.004261058
1562943820289,ORI,0,0,0,-0.06697746,-0.6091891,-0.06671287
1562943820289,GYR,0,0,0,-0.080960095,-0.12250541,0.008522116,-0.06924219,0.020240024,0.004261058
1562943820289,ROT,0,0,0,0.378211,0.025665,-0.48827,0.786059,246.0
1562943820289,ORI,0,0,0,-0.07155437,-0.6091043,-0.06880865
1562943820289,GRA,0,0,0,-4.017653,5.5851755,6.988175
1562943820289,UAC,0,0,0,4.531209,-0.21019268,0.69840956
1562943820297,ORI,0,0,0,-0.078653835,-0.60573834,-0.071830794
1562943820297,GYR,0,0,0,-0.0958738,-0.1107875,0.004261058,-0.06924219,0.020240024,0.004261058
1562943820299,ORI,0,0,0,-0.07784697,-0.59971744,-0.071039036
1562943820300,ORI,0,0,0,-0.07583803,-0.59971744,-0.071039036
1562943820300,GYR,0,0,0,-0.10865697,-0.10333065,0.0010652645,-0.06924219,0.020240024,0.004261058
1562943820300,ROT,0,0,0,0.365885,0.006924,-0.485161,0.794165,246.0
1562943820300,GRA,0,0,0,-3.5894678,5.6332107,7.1800413
1562943820300,UAC,0,0,0,4.153302,-0.2019639,0.7435694
1562943820308,ORI,0,0,0,-0.08388143,-0.59024304,-0.07394449
1562943820309,GYR,0,0,0,-0.11504856,-0.094808534,-0.004261058,-0.06924219,0.020240024,0.004261058
1562943820309,ORI,0,0,0,-0.08959838,-0.576822,-0.07537775
1562943820309,ORI,0,0,0,-0.08760292,-0.576822,-0.07537775
1562943820309,GYR,0,0,0,-0.11717909,-0.084155895,-0.00958738,-0.06924219,0.020240024,0.004261058
1562943820309,ROT,0,0,0,0.354516,-0.009959,-0.482107,0.801119,246.0
1562943820309,GRA,0,0,0,-3.1957185,5.664533,7.3396745
1562943820309,UAC,0,0,0,3.8206053,-0.2656083,0.9346862
1562943820314,ORI,0,0,0,-0.09424287,-0.5693543,-0.077591516
1562943820315,GYR,0,0,0,-0.112918034,-0.07243799,-0.017044231,-0.06924219,0.020240024,0.004261058
1562943820323,ORI,0,0,0,-0.08978776,-0.5620321,-0.07509847
1562943820323,ORI,0,0,0,-0.08782259,-0.5620321,-0.07509847
1562943820323,GYR,0,0,0,-0.10333065,-0.060720075,-0.025566347,-0.06924219,0.020240024,0.004261058
1562943820323,ROT,0,0,0,0.343945,-0.025132,-0.479215,0.807107,246.0
1562943820323,GRA,0,0,0,-2.8348944,5.6808753,7.4740443
1562943820323,UAC,0,0,0,3.472949,-0.32504606,1.0062184
1562943820324,ORI,0,0,0,-0.07258736,-0.5563248,-0.06838443
1562943820324,GYR,0,0,0,-0.08948222,-0.046871636,-0.034088463,-0.06924219,0.020240024,0.004261058
1562943820354,ORI,0,0,0,-0.07036488,-0.5563248,-0.06838443
1562943820354,GYR,0,0,0,-0.0777643,-0.026631612,-0.037284255,-0.06924219,0.020240024,0.004261058
1562943820354,ROT,0,0,0,0.334142,-0.03872,-0.476548,0.81225,246.0
1562943820354,ORI,0,0,0,-0.04967879,-0.55389005,-0.05978781
1562943820354,GRA,0,0,0,-2.5062735,5.6850877,7.587403
1562943820354,UAC,0,0,0,3.0904589,-0.36876297,0.9419408
1562943820355,ORI,0,0,0,-0.017811764,-0.5533253,-0.04680321
1562943820355,GYR,0,0,0,-0.06711166,-0.002130529,-0.03834952,-0.06924219,0.020240024,0.004261058
1562943820355,ORI,0,0,0,-0.042034857,-0.55764145,-0.056818977
1562943820355,ORI,0,0,0,-0.037850652,-0.55764145,-0.056818977
1562943820355,GYR,0,0,0,-0.05965481,0.023435818,-0.033023197,-0.06924219,0.020240024,0.004261058
1562943820355,ROT,0,0,0,0.32515,-0.05075,-0.474107,0.816653,246.0
1562943820355,GRA,0,0,0,-2.21063,5.679927,7.6825666
1562943820355,UAC,0,0,0,2.684682,-0.47373533,0.6516495
1562943820355,ORI,0,0,0,-0.073887706,-0.56417423,-0.07208495
1562943820356,GYR,0,0,0,-0.056459017,0.037284255,-0.03089267,-0.06924219,0.020240024,0.004261058
1562943820356,ORI,0,0,0,-0.08344986,-0.5678765,-0.07636834
1562943820356,ORI,0,0,0,-0.081412464,-0.5678765,-0.07636834
1562943820356,GYR,0,0,0,-0.054328486,0.040480047,-0.034088463,-0.06924219,0.020240024,0.004261058
1562943820356,ROT,0,0,0,0.316994,-0.061333,-0.471784,0.82047,246.0
1562943820356,GRA,0,0,0,-1.9462439,5.6686363,7.7620234
1562943820356,UAC,0,0,0,2.5711305,-0.4432912,0.4045987
1562943820356,ORI,0,0,0,-0.09894267,-0.57005984,-0.08396925
1562943820356,GYR,0,0,0,-0.05752428,0.040480047,-0.040480047,-0.06924219,0.020240024,0.004261058
1562943820374,ORI,0,0,0,-0.09755552,-0.57697177,-0.08399839
1562943820375,ORI,0,0,0,-0.095498025,-0.57697177,-0.08399839
1562943820375,GYR,0,0,0,-0.060720075,0.043675844,-0.05006743,-0.06924219,0.020240024,0.004261058
1562943820375,ROT,0,0,0,0.309538,-0.070856,-0.469593,0.8238,246.0
1562943820375,GRA,0,0,0,-1.7060767,5.653944,7.828956
1562943820375,UAC,0,0,0,2.387227,-0.36994076,0.26105165
1562943820375,ORI,0,0,0,-0.07783311,-0.58514863,-0.076978035
1562943820375,GYR,0,0,0,-0.066046394,0.041545313,-0.05965481,-0.06924219,0.020240024,0.004261058
1562943820376,GYR,0,0,0,-0.07456851,0.034088463,-0.06711166,-0.06924219,0.020240024,0.004261058
1562943820376,ORI,0,0,0,-0.053523876,-0.5898327,-0.06658824
1562943820376,ROT,0,0,0,0.302716,-0.079495,-0.467593,0.82668,246.0
1562943820376,ORI,0,0,0,-0.053523876,-0.5898327,-0.06658824
1562943820376,GYR,0,0,0,-0.07456851,0.034088463,-0.06711166,-0.06924219,0.020240024,0.004261058
1562943820376,GRA,0,0,0,-1.4872953,5.637266,7.8854017
1562943820376,UAC,0,0,0,2.0152168,-0.3269267,0.031026363
1562943820376,ORI,0,0,0,-0.051488295,-0.5898327,-0.06658824
1562943820376,ORI,0,0,0,-0.023105534,-0.59709865,-0.054228127
1562943820376,GYR,0,0,0,-0.084155895,0.027696876,-0.07243799,-0.06924219,0.020240024,0.004261058
1562943820412,GYR,0,0,0,-0.0958738,0.018109497,-0.07137272,-0.06924219,0.020240024,0.004261058
1562943820412,ORI,0,0,0,-0.012883206,-0.60435456,-0.049742483
1562943820412,GYR,0,0,0,-0.0958738,0.018109497,-0.07137272,-0.06924219,0.020240024,0.004261058
1562943820412,ORI,0,0,0,-0.012883206,-0.60435456,-0.049742483
1562943820412,GRA,0,0,0,-1.2899199,5.620093,7.932275
1562943820412,ORI,0,0,0,-0.010987825,-0.60435456,-0.049742483
1562943820413,UAC,0,0,0,1.7148907,-0.28940296,-0.103235245
1562943820413,ROT,0,0,0,0.296558,-0.087292,-0.465822,0.829121,246.0
1562943820413,ORI,0,0,0,-0.019810246,-0.6114477,-0.053870924
1562943820413,GYR,0,0,0,-0.111852765,0.002130529,-0.070307456,-0.06924219,0.020240024,0.004261058
1562943820413,ORI,0,0,0,-0.017914128,-0.6114477,-0.053870924
1562943820413,GYR,0,0,0,-0.12996227,-0.011717909,-0.07137272,-0.06924219,0.020240024,0.004261058
1562943820413,ROT,0,0,0,0.291087,-0.094308,-0.464246,0.831173,246.0
1562943820413,ORI,0,0,0,-0.03305794,-0.61135936,-0.0608472
1562943820413,GRA,0,0,0,-1.1130493,5.6040254,7.9703426
1562943820414,UAC,0,0,0,1.526049,-0.22664833,-0.31129122
1562943820414,ORI,0,0,0,-0.052157916,-0.60876274,-0.06953333
1562943820414,GYR,0,0,0,-0.14913702,-0.026631612,-0.07456851,-0.06924219,0.020240024,0.004261058
1562943820414,ORI,0,0,0,-0.07450844,-0.60086495,-0.079273485
1562943820414,ORI,0,0,0,-0.07268219,-0.60086495,-0.079273485
1562943820414,GYR,0,0,0,-0.16937704,-0.035153728,-0.080960095,-0.06924219,0.020240024,0.004261058
1562943820414,ROT,0,0,0,0.286279,-0.100551,-0.462899,0.83286,246.0
1562943820414,GRA,0,0,0,-0.95660645,5.589306,8.000929
1562943820414,UAC,0,0,0,1.5814931,-0.18080425,-0.13477898
1562943820415,ORI,0,0,0,-0.071702145,-0.59302664,-0.07832085
1562943820415,GYR,0,0,0,-0.18109496,-0.033023197,-0.08522116,-0.06924219,0.020240024,0.004261058
1562943820415,ORI,0,0,0,-0.08452757,-0.58659697,-0.08354816
1562943820415,ORI,0,0,0,-0.08244321,-0.58659697,-0.08354816
1562943820415,GYR,0,0,0,-0.1917476,-0.01917476,-0.08841695,-0.06924219,0.020240024,0.004261058
1562943820416,ROT,0,0,0,0.282088,-0.105856,-0.461869,0.834204,246.0
1562943820416,GRA,0,0,0,-0.82340956,5.574307,8.026172
1562943820416,UAC,0,0,0,1.4961803,-0.21608353,0.007572174
1562943820416,ORI,0,0,0,-0.083505675,-0.5800827,-0.08352136
1562943820416,GYR,0,0,0,-0.19813919,0.002130529,-0.09374327,-0.06924219,0.020240024,0.004261058
1562943820451,GYR,0,0,0,-0.20026971,0.022370555,-0.099069595,-0.06924219,0.020240024,0.004261058
1562943820451,ORI,0,0,0,-0.069788076,-0.5725657,-0.0770756
1562943820451,ROT,0,0,0,0.278368,-0.110328,-0.461041,0.835331,246.0
1562943820451,ORI,0,0,0,-0.069788076,-0.5725657,-0.0770756
1562943820451,GYR,0,0,0,-0.20026971,0.022370555,-0.099069595,-0.06924219,0.020240024,0.004261058
1562943820452,GRA,0,0,0,-0.70958316,5.558314,8.048102
1562943820452,UAC,0,0,0,1.3380611,-0.29705572,0.08978939
1562943820452,ORI,0,0,0,-0.067779735,-0.5725657,-0.0770756
1562943820452,ORI,0,0,0,-0.04302096,-0.56717885,-0.06628672
1562943820452,GYR,0,0,0,-0.19920446,0.03834952,-0.10226539,-0.06924219,0.020240024,0.004261058
1562943820452,ORI,0,0,0,-0.008658051,-0.5603271,-0.05174833
1562943820452,ORI,0,0,0,-0.0065775146,-0.5603271,-0.05174833
1562943820452,GYR,0,0,0,-0.19387813,0.05219796,-0.10013486,-0.06924219,0.020240024,0.004261058
1562943820452,ROT,0,0,0,0.275078,-0.113969,-0.460375,0.836299,246.0
1562943820453,GRA,0,0,0,-0.6144236,5.54107,8.067797
1562943820453,UAC,0,0,0,1.0393944,-0.3863535,0.13713264
1562943820453,ORI,0,0,0,0.023521135,-0.5546656,-0.039357755
1562943820453,GYR,0,0,0,-0.18642128,0.058589544,-0.09267801,-0.06924219,0.020240024,0.004261058
1562943820453,ORI,0,0,0,0.046032462,-0.55362743,-0.030152595
1562943820453,ORI,0,0,0,0.04815497,-0.55362743,-0.030152595
1562943820453,GYR,0,0,0,-0.17470337,0.05965481,-0.083090626,-0.06924219,0.020240024,0.004261058
1562943820453,ROT,0,0,0,0.272226,-0.116799,-0.45987,0.837119,246.0
1562943820453,GRA,0,0,0,-0.53767747,5.5230646,8.085603
1562943820454,UAC,0,0,0,0.78547734,-0.44256878,0.13010025
1562943820454,GYR,0,0,0,-0.16405073,0.060720075,-0.070307456,-0.06924219,0.020240024,0.004261058
1562943820454,GYR,0,0,0,-0.16405073,0.060720075,-0.070307456,-0.06924219,0.020240024,0.004261058
1562943820454,ORI,0,0,0,0.07619408,-0.5535227,-0.01862501
1562943820454,ORI,0,0,0,0.07619408,-0.5535227,-0.01862501
1562943820454,ROT,0,0,0,0.269792,-0.11898,-0.459471,0.837819,246.0
1562943820454,ORI,0,0,0,0.07619408,-0.5535227,-0.01862501
1562943820454,GRA,0,0,0,-0.47616953,5.5055456,8.101393
1562943820454,UAC,0,0,0,0.55517817,-0.47891903,-0.082014084
1562943820455,GYR,0,0,0,-0.15233281,0.05219796,-0.054328486,-0.06924219,0.020240024,0.004261058
1562943820455,ORI,0,0,0,0.09610232,-0.559878,-0.009851898
1562943820455,UAC,0,0,0,0.55517817,-0.47891903,-0.082014084
1562943820455,ORI,0,0,0,0.09610232,-0.559878,-0.009851898
1562943820455,ORI,0,0,0,0.09610232,-0.559878,-0.009851898
1562943820455,GYR,0,0,0,-0.15233281,0.05219796,-0.054328486,-0.06924219,0.020240024,0.004261058
1562943820455,ROT,0,0,0,0.269792,-0.11898,-0.459471,0.837819,246.0
1562943820455,GRA,0,0,0,-0.47616953,5.5055456,8.101393
1562943820469,ORI,0,0,0,0.11070328,-0.57105833,-0.0025930388
1562943820469,ORI,0,0,0,0.11250955,-0.57105833,-0.0025930388
1562943820469,GYR,0,0,0,-0.13528858,0.0127831735,-0.017044231,-0.06924219,0.020240024,0.004261058
1562943820469,ROT,0,0,0,0.267786,-0.12067,-0.459126,0.83841,246.0
1562943820469,GRA,0,0,0,-0.42711058,5.4901004,8.114599
1562943820469,UAC,0,0,0,0.4474613,-0.44791174,-0.26640606
1562943820470,ORI,0,0,0,0.099795856,-0.5755976,-0.007652131
1562943820470,GYR,0,0,0,-0.13209279,-0.015978966,0.002130529,-0.06924219,0.020240024,0.004261058
1562943820470,ORI,0,0,0,0.077991396,-0.5757934,-0.017092353
1562943820470,ORI,0,0,0,0.07997347,-0.5757934,-0.017092353
1562943820470,GYR,0,0,0,-0.128897,-0.046871636,0.018109497,-0.06924219,0.020240024,0.004261058
1562943820470,ROT,0,0,0,0.266091,-0.122135,-0.458803,0.838914,246.0
1562943820470,GRA,0,0,0,-0.38486367,5.477276,8.125371
1562943820470,UAC,0,0,0,0.51893896,-0.38480902,-0.2819662
1562943820653,ORI,0,0,0,0.06319793,-0.5739743,-0.02445903
1562943820654,GYR,0,0,0,-0.12676647,-0.07563378,0.029827405,-0.06924219,0.020240024,0.004261058
1562943820654,ORI,0,0,0,0.04461691,-0.5728523,-0.032503977
1562943820654,ORI,0,0,0,0.04653931,-0.5728523,-0.032503977
1562943820654,GYR,0,0,0,-0.12357068,-0.10013486,0.037284255,-0.06924219,0.020240024,0.004261058
1562943820655,ROT,0,0,0,0.264517,-0.123614,-0.458493,0.839365,246.0
1562943820655,GRA,0,0,0,-0.34366292,5.466275,8.134623
1562943820655,UAC,0,0,0,0.6022367,-0.33430386,-0.1822815
1562943820656,ORI,0,0,0,0.026553161,-0.5675281,-0.041221425
1562943820656,GYR,0,0,0,-0.11504856,-0.12037488,0.04261058,-0.06924219,0.020240024,0.004261058
1562943820656,ORI,0,0,0,0.026395872,-0.5675281,-0.041221425
1562943820656,ORI,0,0,0,0.014629514,-0.5643669,-0.04626873
1562943820657,GYR,0,0,0,-0.10546118,-0.13848437,0.04474111,-0.06924219,0.020240024,0.004261058
1562943820657,GYR,0,0,0,-0.10546118,-0.13848437,0.04474111,-0.06924219,0.020240024,0.004261058
1562943820657,GRA,0,0,0,-0.30192062,5.456419,8.14289
1562943820657,UAC,0,0,0,0.6766132,-0.32803917,-0.050488472
1562943820657,ORI,0,0,0,0.014629514,-0.5643669,-0.04626873
1562943820657,ROT,0,0,0,0.262985,-0.125168,-0.458221,0.839764,246.0
1562943820657,ORI,0,0,0,9.066027E-4,-0.56005204,-0.052068252
1562943820658,GYR,0,0,0,-0.0958738,-0.1555286,0.04474111,-0.06924219,0.020240024,0.004261058
1562943820658,ORI,0,0,0,-0.008698955,-0.55574125,-0.056052573
1562943820658,ORI,0,0,0,-0.006628115,-0.55574125,-0.056052573
1562943820658,GYR,0,0,0,-0.083090626,-0.16405073,0.043675844,-0.06924219,0.020240024,0.004261058
1562943820663,ROT,0,0,0,0.261502,-0.126816,-0.45799,0.840106,246.0
1562943820663,GRA,0,0,0,-0.2594136,5.4479837,8.150002
1562943820663,UAC,0,0,0,0.72269166,-0.31242132,0.10640335
1562943820664,ORI,0,0,0,-0.039100878,-0.5511011,-0.069349
1562943820664,ORI,0,0,0,-0.0368401,-0.5511011,-0.069349
1562943820664,GYR,0,0,0,-0.058589544,-0.16298546,0.034088463,-0.06924219,0.020240024,0.004261058
1562943820664,ROT,0,0,0,0.260064,-0.128538,-0.457804,0.840392,246.0
1562943820664,GRA,0,0,0,-0.21645314,5.4407473,8.156087
1562943820664,UAC,0,0,0,0.7958499,-0.3015933,0.18531227
1562943820664,ORI,0,0,0,-0.042682465,-0.55280167,-0.07181871
1562943820664,GYR,0,0,0,-0.0479369,-0.1555286,0.026631612,-0.06924219,0.020240024,0.004261058
1562943820664,ORI,0,0,0,-0.040530227,-0.55280167,-0.07181871
1562943820664,ORI,0,0,0,-0.047527187,-0.55986536,-0.075021856
1562943820665,GYR,0,0,0,-0.04261058,-0.14061491,0.020240024,-0.06924219,0.020240024,0.004261058
1562943820666,ROT,0,0,0,0.258701,-0.130266,-0.457649,0.840631,246.0
1562943820666,GRA,0,0,0,-0.17433497,5.434613,8.161183
1562943820666,UAC,0,0,0,0.79563034,-0.23919535,0.10479832
1562943820666,ORI,0,0,0,-0.044573195,-0.562438,-0.07388558
1562943820666,GYR,0,0,0,-0.041545313,-0.12463594,0.0127831735,-0.06924219,0.020240024,0.004261058
1562943820666,ORI,0,0,0,-0.037313964,-0.569148,-0.071047835
1562943820666,ORI,0,0,0,-0.037211686,-0.569148,-0.071047835
1562943820666,GYR,0,0,0,-0.043675844,-0.1107875,0.0053263223,-0.06924219,0.020240024,0.004261058
1562943820667,ROT,0,0,0,0.257462,-0.131909,-0.457513,0.840829,246.0
1562943820667,GRA,0,0,0,-0.13492577,5.429581,8.165278
1562943820667,UAC,0,0,0,0.7179139,-0.17550564,0.026482582
1562943820667,ORI,0,0,0,-0.03072697,-0.57458204,-0.06842244
1562943820667,GYR,0,0,0,-0.04580637,-0.09374327,0.0,-0.06924219,0.020240024,0.004261058
1562943820667,ORI,0,0,0,-0.02338232,-0.581712,-0.06539257
1562943820667,ORI,0,0,0,-0.021391995,-0.581712,-0.06539257
1562943820668,GYR,0,0,0,-0.053263225,-0.07456851,-0.004261058,-0.06924219,0.020240024,0.004261058
1562943820668,ROT,0,0,0,0.256345,-0.13338,-0.457406,0.840996,246.0
1562943820668,GRA,0,0,0,-0.099668875,5.4249196,8.168881
1562943820668,UAC,0,0,0,0.62639326,-0.12415695,-0.12556076
1562943820668,ORI,0,0,0,-0.021357879,-0.58473396,-0.06543607
1562943820668,GYR,0,0,0,-0.06711166,-0.05539375,-0.0031957934,-0.06924219,0.020240024,0.004261058
1562943820668,ORI,0,0,0,-0.01990836,-0.5884861,-0.06486152
1562943820669,ORI,0,0,0,-0.017848594,-0.5884861,-0.06486152
1562943820669,GYR,0,0,0,-0.080960095,-0.036218993,-0.0031957934,-0.06924219,0.020240024,0.004261058
1562943820669,ROT,0,0,0,0.255381,-0.134631,-0.457307,0.841144,246.0
1562943820669,GRA,0,0,0,-0.06949893,5.4207215,8.17198
1562943820669,UAC,0,0,0,0.58664644,-0.096016884,-0.21006203
1562943820669,ORI,0,0,0,-0.016856238,-0.58780545,-0.064407565
1562943820670,GYR,0,0,0,-0.098004326,-0.017044231,-0.004261058,-0.06924219,0.020240024,0.004261058
1562943820670,ORI,0,0,0,-0.016856238,-0.58780545,-0.064407565
1562943820670,GYR,0,0,0,-0.098004326,-0.017044231,-0.004261058,-0.06924219,0.020240024,0.004261058
1562943820670,ORI,0,0,0,-0.0056963633,-0.58549273,-0.059414558
1562943820670,ORI,0,0,0,-0.0037603294,-0.58549273,-0.059414558
1562943820670,GYR,0,0,0,-0.113983296,-0.0010652645,-0.004261058,-0.06924219,0.020240024,0.004261058
1562943820672,ROT,0,0,0,0.254497,-0.135635,-0.457179,0.841321,246.0
1562943820673,GRA,0,0,0,-0.04389657,5.415686,8.175499
1562943820673,UAC,0,0,0,0.5191456,-0.10893822,-0.18604803
1562943820673,ORI,0,0,0,0.00613272,-0.5827098,-0.05503544
1562943820673,GYR,0,0,0,-0.12996227,0.013848438,-0.0031957934,-0.06924219,0.020240024,0.004261058
1562943820673,ORI,0,0,0,0.009341328,-0.5765432,-0.053670473
1562943820674,ORI,0,0,0,0.009441794,-0.5765432,-0.053670473
1562943820674,GYR,0,0,0,-0.14168017,0.023435818,-0.002130529,-0.06924219,0.020240024,0.004261058
1562943820676,ROT,0,0,0,0.253649,-0.136378,-0.457043,0.841531,246.0
1562943820676,GRA,0,0,0,-0.022794163,5.4090366,8.179986
1562943820677,UAC,0,0,0,0.45734176,-0.14179277,-0.09117603
1562943820677,ORI,0,0,0,0.011222809,-0.57560015,-0.052902233
1562943820677,GYR,0,0,0,-0.15126756,0.03195793,-0.0010652645,-0.06924219,0.020240024,0.004261058
1562943820677,ORI,0,0,0,0.0064734817,-0.57231754,-0.05499173
1562943820677,ORI,0,0,0,0.008461494,-0.57231754,-0.05499173
1562943820677,GYR,0,0,0,-0.1555286,0.03834952,-0.002130529,-0.06924219,0.020240024,0.004261058
1562943820678,ROT,0,0,0,0.252806,-0.1369,-0.456902,0.841776,246.0
1562943820678,GRA,0,0,0,-0.005265081,5.400638,8.185562
1562943820678,UAC,0,0,0,0.45178372,-0.16691303,-0.074007034
1562943820678,ORI,0,0,0,0.012579281,-0.5703211,-0.053231966
1562943820678,GYR,0,0,0,-0.15978967,0.03834952,-0.002130529,-0.06924219,0.020240024,0.004261058
1562943820678,ORI,0,0,0,0.012241577,-0.56831163,-0.05339999
1562943820678,ORI,0,0,0,0.01222089,-0.56831163,-0.05339999
1562943820678,GYR,0,0,0,-0.16085494,0.036218993,-0.0010652645,-0.06924219,0.020240024,0.004261058
1562943820679,ROT,0,0,0,0.251983,-0.137284,-0.456766,0.842034,246.0
1562943820679,GRA,0,0,0,0.009817045,5.3914003,8.191646
1562943820679,UAC,0,0,0,0.42592767,-0.1780262,-0.039388657
1562943820679,ORI,0,0,0,0.0101374425,-0.56554896,-0.054321416
1562943820679,GYR,0,0,0,-0.15978967,0.034088463,0.0010652645,-0.06924219,0.020240024,0.004261058
1562943820679,ORI,0,0,0,2.8657075E-4,-0.56171817,-0.05853309
1562943820679,ORI,0,0,0,0.0024380449,-0.56171817,-0.05853309
1562943820679,GYR,0,0,0,-0.15659387,0.03195793,0.0,-0.06924219,0.020240024,0.004261058
1562943820680,ROT,0,0,0,0.251166,-0.13762,-0.456646,0.842288,246.0
1562943820680,GRA,0,0,0,0.023962328,5.381845,8.197896
1562943820680,UAC,0,0,0,0.45607513,-0.21755171,-0.006134987
1562943820680,ORI,0,0,0,-0.009736316,-0.55664504,-0.06364795
1562943820680,GYR,0,0,0,-0.15020229,0.026631612,0.0,-0.06924219,0.020240024,0.004261058
1562943820680,GYR,0,0,0,-0.14168017,0.02130529,-0.002130529,-0.06924219,0.020240024,0.004261058
1562943820680,ORI,0,0,0,-0.03008921,-0.5505776,-0.07201491
1562943820681,ROT,0,0,0,0.250362,-0.137953,-0.456533,0.842534,246.0
1562943820681,ORI,0,0,0,-0.03008921,-0.5505776,-0.07201491
1562943820681,GYR,0,0,0,-0.14168017,0.02130529,-0.002130529,-0.06924219,0.020240024,0.004261058
1562943820681,GRA,0,0,0,0.03788447,5.3724484,8.204005
1562943820681,UAC,0,0,0,0.56066597,-0.26561642,0.09310055
1562943820681,ORI,0,0,0,-0.030206306,-0.5505776,-0.07201491
1562943820681,ORI,0,0,0,-0.039567456,-0.5443062,-0.07566289
1562943820682,GYR,0,0,0,-0.12783173,0.013848438,-0.0053263223,-0.06924219,0.020240024,0.004261058
1562943820682,ORI,0,0,0,-0.039496116,-0.5443062,-0.07566289
1562943820682,ROT,0,0,0,0.249552,-0.138364,-0.456432,0.842762,246.0
1562943820682,GRA,0,0,0,0.053042147,5.3635845,8.20972
1562943820682,UAC,0,0,0,0.57902706,-0.30224228,0.128088
1562943820682,GYR,0,0,0,-0.113983296,0.0063915867,-0.00958738,-0.06924219,0.020240024,0.004261058
1562943820682,ORI,0,0,0,-0.04326269,-0.545071,-0.07723473
1562943820682,ORI,0,0,0,-0.032858703,-0.54831505,-0.073068865
1562943820683,GYR,0,0,0,-0.099069595,-0.0031957934,-0.0127831735,-0.06924219,0.020240024,0.004261058
1562943820683,ROT,0,0,0,0.248768,-0.138897,-0.45636,0.842945,246.0
1562943820683,ORI,0,0,0,-0.032858703,-0.54831505,-0.073068865
1562943820683,GRA,0,0,0,0.0697206,5.3560934,8.214484
1562943820683,UAC,0,0,0,0.4546096,-0.30791903,-0.053847313
1562943820683,GYR,0,0,0,-0.08522116,-0.013848438,-0.0127831735,-0.06924219,0.020240024,0.004261058
1562943820683,ORI,0,0,0,-0.011152566,-0.55306304,-0.06416294
1562943820683,UAC,0,0,0,0.4546096,-0.30791903,-0.053847313
1562943820683,ORI,0,0,0,-0.011152566,-0.55306304,-0.06416294
1562943820684,ORI,0,0,0,-0.011152566,-0.55306304,-0.06416294
1562943820684,GYR,0,0,0,-0.08522116,-0.013848438,-0.0127831735,-0.06924219,0.020240024,0.004261058
1562943820684,ROT,0,0,0,0.248768,-0.138897,-0.45636,0.842945,246.0
1562943820684,GRA,0,0,0,0.0697206,5.3560934,8.214484
1562943820684,ORI,0,0,0,0.0112404,-0.5581638,-0.054778133
1562943820684,GYR,0,0,0,-0.07456851,-0.025566347,-0.008522116,-0.06924219,0.020240024,0.004261058
1562943820684,ORI,0,0,0,0.024625162,-0.56599295,-0.048959944
1562943820685,ORI,0,0,0,0.024708219,-0.56599295,-0.048959944
1562943820695,GYR,0,0,0,-0.070307456,-0.036218993,-0.0010652645,-0.06924219,0.020240024,0.004261058
1562943820695,ROT,0,0,0,0.248066,-0.139536,-0.456318,0.843069,246.0
1562943820695,GRA,0,0,0,0.087112464,5.350695,8.217834
1562943820695,UAC,0,0,0,0.30553663,-0.2534399,-0.20444107
1562943820696,ORI,0,0,0,0.03762477,-0.5736549,-0.04314953
1562943820696,GYR,0,0,0,-0.07137272,-0.043675844,0.008522116,-0.06924219,0.020240024,0.004261058
1562943820696,GYR,0,0,0,-0.07456851,-0.05539375,0.01917476,-0.06924219,0.020240024,0.004261058
1562943820696,ORI,0,0,0,0.045496583,-0.57665193,-0.03958774
1562943820696,UAC,0,0,0,0.21001023,-0.17313862,-0.27127647
1562943820696,ROT,0,0,0,0.247443,-0.14024,-0.456268,0.843162,246.0
1562943820696,ORI,0,0,0,0.045496583,-0.57665193,-0.03958774
1562943820697,GRA,0,0,0,0.10482728,5.3470087,8.220026
1562943820697,GYR,0,0,0,-0.07456851,-0.05539375,0.01917476,-0.06924219,0.020240024,0.004261058
1562943820697,ORI,0,0,0,0.045496583,-0.57665193,-0.03958774
1562943820697,UAC,0,0,0,0.21001023,-0.17313862,-0.27127647
1562943820697,ORI,0,0,0,0.045496583,-0.57665193,-0.03958774
1562943820697,ROT,0,0,0,0.247443,-0.14024,-0.456268,0.843162,246.0
1562943820697,ORI,0,0,0,0.045496583,-0.57665193,-0.03958774
1562943820697,GYR,0,0,0,-0.07456851,-0.05539375,0.01917476,-0.06924219,0.020240024,0.004261058
1562943820698,GRA,0,0,0,0.10482728,5.3470087,8.220026
1562943820698,ORI,0,0,0,0.02731681,-0.5661823,-0.047835037
1562943820698,GYR,0,0,0,-0.083090626,-0.099069595,0.05539375,-0.06924219,0.020240024,0.004261058
1562943820698,GYR,0,0,0,-0.0777643,-0.10972224,0.06711166,-0.06924219,0.020240024,0.004261058
1562943820698,ORI,0,0,0,0.012261833,-0.5629638,-0.054337304
1562943820698,ROT,0,0,0,0.246224,-0.141731,-0.456052,0.843387,246.0
1562943820699,ORI,0,0,0,0.012240891,-0.5629638,-0.054337304
1562943820699,GRA,0,0,0,0.14206162,5.340678,8.223583
1562943820699,UAC,0,0,0,0.30206278,-0.17997646,-0.05815792
1562943820699,UAC,0,0,0,0.30206278,-0.17997646,-0.05815792
1562943820699,ORI,0,0,0,0.012240891,-0.5629638,-0.054337304
1562943820699,ORI,0,0,0,0.012240891,-0.5629638,-0.054337304
1562943820699,GYR,0,0,0,-0.0777643,-0.10972224,0.06711166,-0.06924219,0.020240024,0.004261058
1562943820699,ROT,0,0,0,0.246224,-0.141731,-0.456052,0.843387,246.0
1562943820700,GRA,0,0,0,0.14206162,5.340678,8.223583
1562943820700,ORI,0,0,0,-0.009777554,-0.5584958,-0.06370328
1562943820700,ORI,0,0,0,-0.009777554,-0.5584958,-0.06370328
1562943820700,GYR,0,0,0,-0.05965481,-0.12676647,0.07882957,-0.06924219,0.020240024,0.004261058
1562943820700,ROT,0,0,0,0.245564,-0.142611,-0.455869,0.84353,246.0
1562943820700,GRA,0,0,0,0.16380335,5.3378096,8.225042
1562943820701,UAC,0,0,0,0.36172396,-0.17950201,0.0134058
1562943820701,ORI,0,0,0,-0.014693167,-0.5533309,-0.06571375
1562943820701,GYR,0,0,0,-0.0479369,-0.13209279,0.082025364,-0.06924219,0.020240024,0.004261058
1562943820701,ORI,0,0,0,-0.023355167,-0.5543798,-0.069361016
1562943820701,ORI,0,0,0,-0.023314394,-0.5543798,-0.069361016
1562943820701,GYR,0,0,0,-0.039414786,-0.13209279,0.08628642,-0.06924219,0.020240024,0.004261058
1562943820702,ROT,0,0,0,0.244934,-0.143597,-0.45565,0.843664,246.0
1562943820702,GRA,0,0,0,0.18717852,5.336229,8.225568
1562943820702,UAC,0,0,0,0.38982406,-0.18151236,0.07991791
1562943820702,ORI,0,0,0,-0.042434935,-0.55891174,-0.07757541
1562943820702,GYR,0,0,0,-0.034088463,-0.12676647,0.08948222,-0.06924219,0.020240024,0.004261058
1562943820702,ORI,0,0,0,-0.042434935,-0.55891174,-0.07757541
1562943820702,GYR,0,0,0,-0.034088463,-0.12676647,0.08948222,-0.06924219,0.020240024,0.004261058
1562943820703,ORI,0,0,0,-0.042323027,-0.55891174,-0.07757541
1562943820703,ROT,0,0,0,0.244355,-0.144644,-0.455396,0.84379,246.0
1562943820703,GRA,0,0,0,0.2112525,5.335889,8.225205
1562943820703,UAC,0,0,0,0.43518198,-0.11892319,0.09105396
1562943820758,ORI,0,0,0,-0.07455879,-0.5637951,-0.09161562
1562943820758,GYR,0,0,0,-0.01917476,-0.09267801,0.083090626,-0.06924219,0.020240024,0.004261058
1562943820758,ORI,0,0,0,-0.0943471,-0.57928985,-0.1014716
1562943820758,ORI,0,0,0,-0.092312686,-0.57928985,-0.1014716
1562943820758,GYR,0,0,0,-0.014913702,-0.070307456,0.07243799,-0.06924219,0.020240024,0.004261058
1562943820758,ROT,0,0,0,0.243861,-0.14567,-0.455092,0.84392,246.0
1562943820758,GRA,0,0,0,0.23446971,5.3366303,8.224093
1562943820759,UAC,0,0,0,0.6154719,0.1520772,0.123291016
1562943820759,ORI,0,0,0,-0.092726074,-0.5923282,-0.10274775
1562943820759,GYR,0,0,0,-0.014913702,-0.05006743,0.05752428,-0.06924219,0.020240024,0.004261058
1562943820759,GYR,0,0,0,-0.025566347,-0.02876214,0.041545313,-0.06924219,0.020240024,0.004261058
1562943820759,ORI,0,0,0,-0.073919415,-0.60309774,-0.09487465
1562943820759,ROT,0,0,0,0.243514,-0.146582,-0.454776,0.844033,246.0
1562943820759,ORI,0,0,0,-0.073919415,-0.60309774,-0.09487465
1562943820759,GYR,0,0,0,-0.025566347,-0.02876214,0.041545313,-0.06924219,0.020240024,0.004261058
1562943820759,GRA,0,0,0,0.2544969,5.3386583,8.222182
1562943820760,UAC,0,0,0,0.5128448,0.23983145,-0.15851116
1562943820760,ORI,0,0,0,-0.073821224,-0.60309774,-0.09487465
1562943820761,ORI,0,0,0,-0.0014568631,-0.61503774,-0.061275706
1562943820761,ORI,0,0,0,-0.0014546975,-0.61503774,-0.061275706
1562943820761,GYR,0,0,0,-0.080960095,0.017044231,0.018109497,-0.06924219,0.020240024,0.004261058
1562943820761,ROT,0,0,0,0.243295,-0.147318,-0.454528,0.844102,246.0
1562943820761,GRA,0,0,0,0.27001697,5.341211,8.220032
1562943820762,UAC,0,0,0,0.21002048,0.19657755,-0.39578056
1562943820762,GYR,0,0,0,-0.12037488,0.035153728,0.017044231,-0.06924219,0.020240024,0.004261058
1562943820762,ORI,0,0,0,0.03473874,-0.61587346,-0.04404398
1562943820762,ORI,0,0,0,0.056516808,-0.61539,-0.033686433
1562943820762,ORI,0,0,0,0.058327295,-0.61539,-0.033686433
1562943820762,GYR,0,0,0,-0.16724652,0.05219796,0.018109497,-0.06924219,0.020240024,0.004261058
1562943820762,ROT,0,0,0,0.243071,-0.147697,-0.454368,0.844186,246.0
1562943820762,GRA,0,0,0,0.27929464,5.340818,8.2199745
1562943820762,UAC,0,0,0,-0.01832664,0.13711548,-0.47592926
1562943820763,ORI,0,0,0,0.06913838,-0.61542547,-0.028528044
1562943820763,GYR,0,0,0,-0.21624869,0.06711166,0.023435818,-0.06924219,0.020240024,0.004261058
1562943820763,ORI,0,0,0,0.07222374,-0.6069045,-0.027603662
1562943820763,ORI,0,0,0,0.07233325,-0.6069045,-0.027603662
1562943820763,GYR,0,0,0,-0.26738137,0.07350325,0.029827405,-0.06924219,0.020240024,0.004261058
1562943820763,ROT,0,0,0,0.242674,-0.147682,-0.454246,0.844368,246.0
1562943820763,GRA,0,0,0,0.2836917,5.334624,8.223845
1562943820763,UAC,0,0,0,-0.06941065,0.055921078,-0.46303988
1562943820763,GYR,0,0,0,-0.3153183,0.07882957,0.039414786,-0.06924219,0.020240024,0.004261058
1562943820764,ORI,0,0,0,0.07291,-0.59174347,-0.028324487
1562943820764,GYR,0,0,0,-0.3153183,0.07882957,0.039414786,-0.06924219,0.020240024,0.004261058
1562943820764,ORI,0,0,0,0.07291,-0.59174347,-0.028324487
1562943820764,ORI,0,0,0,0.067412786,-0.57939124,-0.03157958
1562943820764,ORI,0,0,0,0.069378026,-0.57939124,-0.03157958
1562943820764,GYR,0,0,0,-0.3568636,0.080960095,0.049002163,-0.06924219,0.020240024,0.004261058
1562943820764,ROT,0,0,0,0.241975,-0.147325,-0.454136,0.844691,246.0
1562943820764,GRA,0,0,0,0.28546238,5.321082,8.232554
1562943820765,UAC,0,0,0,-0.035268307,-0.13643837,-0.3125353
1562943820765,ORI,0,0,0,0.051053695,-0.56203765,-0.040528342
1562943820765,GYR,0,0,0,-0.3568636,0.080960095,0.049002163,-0.06924219,0.020240024,0.004261058
1562943820779,ORI,0,0,0,0.024919216,-0.5427811,-0.05215166
1562943820779,ORI,0,0,0,0.024919216,-0.5427811,-0.05215166
1562943820779,GYR,0,0,0,-0.41545314,0.07243799,0.066046394,-0.06924219,0.020240024,0.004261058
1562943820779,ROT,0,0,0,0.240929,-0.146712,-0.454014,0.845161,246.0
1562943820779,GRA,0,0,0,0.28655294,5.300163,8.245996
1562943820779,UAC,0,0,0,0.14679757,-0.2855072,0.055897713
1562943820779,ORI,0,0,0,0.021668542,-0.52263767,-0.05388794
1562943820780,GYR,0,0,0,-0.41545314,0.07243799,0.066046394,-0.06924219,0.020240024,0.004261058
1562943820780,ORI,0,0,0,0.025016133,-0.5057216,-0.052972373
1562943820780,ORI,0,0,0,0.02726076,-0.5057216,-0.052972373
1562943820780,GYR,0,0,0,-0.43356264,0.058589544,0.07563378,-0.06924219,0.020240024,0.004261058
1562943820780,ROT,0,0,0,0.239567,-0.145984,-0.453885,0.845744,246.0
1562943820780,GRA,0,0,0,0.2888887,5.273473,8.263011
1562943820780,UAC,0,0,0,0.17319223,-0.44077682,0.45188332
1562943820949,GYR,0,0,0,-0.43356264,0.058589544,0.07563378,-0.06924219,0.020240024,0.004261058
1562943820949,ORI,0,0,0,0.017499646,-0.5005128,-0.05673087
1562943820949,GYR,0,0,0,-0.41971418,0.034088463,0.08735169,-0.06924219,0.020240024,0.004261058
1562943820949,ORI,0,0,0,-0.008477151,-0.50520796,-0.066413425
1562943820949,ROT,0,0,0,0.23802,-0.145225,-0.453759,0.846379,246.0
1562943820950,ORI,0,0,0,-0.008477151,-0.50520796,-0.066413425
1562943820950,GYR,0,0,0,-0.41971418,0.034088463,0.08735169,-0.06924219,0.020240024,0.004261058
1562943820950,GRA,0,0,0,0.292467,5.2436604,8.281837
1562943820950,UAC,0,0,0,0.2881269,-0.40497875,0.44742203
1562943820950,ORI,0,0,0,-0.008333527,-0.50520796,-0.066413425
1562943820950,ORI,0,0,0,-0.056792524,-0.5203534,-0.085434206
1562943820950,GYR,0,0,0,-0.41971418,0.034088463,0.08735169,-0.06924219,0.020240024,0.004261058
1562943820950,GYR,0,0,0,-0.4165184,-0.0063915867,0.056459017,-0.06924219,0.020240024,0.004261058
1562943820951,ORI,0,0,0,-0.10226459,-0.5460634,-0.10567853
1562943820951,ROT,0,0,0,0.236406,-0.144601,-0.453606,0.84702,246.0
1562943820951,ORI,0,0,0,-0.10226459,-0.5460634,-0.10567853
1562943820951,GYR,0,0,0,-0.4165184,-0.0063915867,0.056459017,-0.06924219,0.020240024,0.004261058
1562943820951,GRA,0,0,0,0.29900005,5.2138524,8.300403
1562943820951,UAC,0,0,0,0.5832633,-0.13096237,0.017053604
1562943820951,ORI,0,0,0,-0.100010455,-0.5460634,-0.10567853
1562943820951,ORI,0,0,0,-0.10744618,-0.5637901,-0.11052849
1562943820951,GYR,0,0,0,-0.4165184,-0.0063915867,0.056459017,-0.06924219,0.020240024,0.004261058
1562943820952,ORI,0,0,0,-0.10091076,-0.572195,-0.10846449
1562943820952,ORI,0,0,0,-0.10091076,-0.572195,-0.10846449
1562943820952,GYR,0,0,0,-0.45486793,-0.04474111,-0.029827405,-0.06924219,0.020240024,0.004261058
1562943820952,ROT,0,0,0,0.234708,-0.144205,-0.453602,0.847562,246.0
1562943820952,GRA,0,0,0,0.30907956,5.1846046,8.318336
1562943820952,UAC,0,0,0,0.5719867,0.057499886,-0.22713089
1562943820952,ORI,0,0,0,-0.10091076,-0.572195,-0.10846449
1562943820952,GYR,0,0,0,-0.45486793,-0.04474111,-0.029827405,-0.06924219,0.020240024,0.004261058
1562943820952,ORI,0,0,0,-0.06392091,-0.5928895,-0.09337216
1562943820953,ORI,0,0,0,-0.061935715,-0.5928895,-0.09337216
1562943820953,GYR,0,0,0,-0.49428272,-0.033023197,-0.12144015,-0.06924219,0.020240024,0.004261058
1562943820953,ROT,0,0,0,0.232848,-0.143901,-0.454003,0.847912,246.0
1562943820953,GRA,0,0,0,0.31973013,5.153711,8.3371105
1562943820953,UAC,0,0,0,0.4105014,0.12310982,-0.53919554
1562943820953,ORI,0,0,0,-0.061935715,-0.5928895,-0.09337216
1562943820953,GYR,0,0,0,-0.49428272,-0.033023197,-0.12144015,-0.06924219,0.020240024,0.004261058
1562943820953,ORI,0,0,0,-0.04955055,-0.5754617,-0.08691489
1562943820953,ORI,0,0,0,-0.049469274,-0.5754617,-0.08691489
1562943820953,GYR,0,0,0,-0.56672066,-0.034088463,-0.18429075,-0.06924219,0.020240024,0.004261058
1562943820954,ROT,0,0,0,0.231011,-0.143107,-0.454877,0.84808,246.0
1562943820954,GRA,0,0,0,0.3193946,5.1193047,8.358292
1562943820954,UAC,0,0,0,0.3689384,0.0246377,-0.45862293
1562943820954,ORI,0,0,0,-0.049469274,-0.5754617,-0.08691489
1562943820954,GYR,0,0,0,-0.56672066,-0.034088463,-0.18429075,-0.06924219,0.020240024,0.004261058
1562943820954,ORI,0,0,0,-0.047440838,-0.5754617,-0.08691489
1562943820954,GYR,0,0,0,-0.64768076,-0.03834952,-0.19707392,-0.06924219,0.020240024,0.004261058
1562943820954,ROT,0,0,0,0.228923,-0.142102,-0.456062,0.848179,246.0
1562943820954,ORI,0,0,0,-0.019866727,-0.5284116,-0.07382795
1562943820955,GRA,0,0,0,0.31626156,5.0793543,8.38275
1562943820955,UAC,0,0,0,0.37207142,0.06458807,-0.48308086
1562943820955,ORI,0,0,0,-0.019866727,-0.5284116,-0.07382795
1562943820955,GYR,0,0,0,-0.64768076,-0.03834952,-0.19707392,-0.06924219,0.020240024,0.004261058
1562943820955,ORI,0,0,0,0.022047034,-0.50336754,-0.05756585
1562943820956,ORI,0,0,0,0.022002753,-0.50336754,-0.05756585
1562943820956,GYR,0,0,0,-0.70200926,0.0063915867,-0.16298546,-0.06924219,0.020240024,0.004261058
1562943820956,ROT,0,0,0,0.226488,-0.140915,-0.45736,0.848332,246.0
1562943820956,GRA,0,0,0,0.31295303,5.0324965,8.411088
1562943820957,UAC,0,0,0,0.17306992,-0.38056278,0.02248764
1562943820957,ORI,0,0,0,0.022002753,-0.50336754,-0.05756585
1562943820957,GYR,0,0,0,-0.70200926,0.0063915867,-0.16298546,-0.06924219,0.020240024,0.004261058
1562943820958,ORI,0,0,0,0.057925746,-0.4844612,-0.04500712
1562943820958,ORI,0,0,0,0.057630945,-0.4844612,-0.04500712
1562943820966,GYR,0,0,0,-0.71585774,0.036218993,-0.112918034,-0.06924219,0.020240024,0.004261058
1562943820967,ROT,0,0,0,0.223894,-0.139438,-0.458501,0.848648,246.0
1562943820967,GRA,0,0,0,0.30750045,4.9805946,8.442124
1562943820967,UAC,0,0,0,0.080360234,-0.44358253,0.16981888
1562943820967,ORI,0,0,0,0.057630945,-0.4844612,-0.04500712
1562943820967,GYR,0,0,0,-0.71585774,0.036218993,-0.112918034,-0.06924219,0.020240024,0.004261058
1562943820967,ORI,0,0,0,0.08525758,-0.47292402,-0.03592505
1562943820967,ORI,0,0,0,0.08507108,-0.47292402,-0.03592505
1562943820968,GYR,0,0,0,-0.65513766,-0.027696876,-0.068176925,-0.06924219,0.020240024,0.004261058
1562943820968,ROT,0,0,0,0.221265,-0.137836,-0.459407,0.84911,246.0
1562943820968,GRA,0,0,0,0.30179435,4.9268837,8.473789
1562943820968,UAC,0,0,0,0.010648966,-0.47606277,0.21955681
1562943820968,ORI,0,0,0,0.08507108,-0.47292402,-0.03592505
1562943820968,GYR,0,0,0,-0.65513766,-0.027696876,-0.068176925,-0.06924219,0.020240024,0.004261058
1562943820969,GYR,0,0,0,-0.60933125,-0.09161274,-0.05219796,-0.06924219,0.020240024,0.004261058
1562943820969,ORI,0,0,0,0.056215864,-0.48285788,-0.045560736
1562943820969,ROT,0,0,0,0.218709,-0.136669,-0.460154,0.849555,246.0
1562943820969,ORI,0,0,0,0.056215864,-0.48285788,-0.045560736
1562943820969,GYR,0,0,0,-0.60933125,-0.09161274,-0.05219796,-0.06924219,0.020240024,0.004261058
1562943820969,GRA,0,0,0,0.3033787,4.8777127,8.50213
1562943820970,UAC,0,0,0,0.09286168,-0.31675863,0.18882275
1562943820970,ORI,0,0,0,0.05848237,-0.48285788,-0.045560736
1562943820970,ORI,0,0,0,0.06017662,-0.4672529,-0.045833427
1562943820970,ORI,0,0,0,0.05972932,-0.4672529,-0.045833427
1562943820970,GYR,0,0,0,-0.50600064,-0.26525086,-0.051132694,-0.06924219,0.020240024,0.004261058
1562943820971,ROT,0,0,0,0.216188,-0.135884,-0.460872,0.849938,246.0
1562943820971,GRA,0,0,0,0.31102717,4.8321586,8.527829
1562943820971,UAC,0,0,0,0.10795814,-0.21853209,0.60724735
1562943820971,ORI,0,0,0,0.05972932,-0.4672529,-0.045833427
1562943820972,GYR,0,0,0,-0.44315,-0.36112466,-0.06178534,-0.06924219,0.020240024,0.004261058
1562943820972,ORI,0,0,0,0.028007822,-0.45665863,-0.057164267
1562943820972,ORI,0,0,0,0.02776662,-0.45665863,-0.057164267
1562943820972,GYR,0,0,0,-0.37710363,-0.44208476,-0.07243799,-0.06924219,0.020240024,0.004261058
1562943820972,ROT,0,0,0,0.213701,-0.136058,-0.461703,0.850088,246.0
1562943820972,GRA,0,0,0,0.3333258,4.795119,8.547871
1562943820973,UAC,0,0,0,0.20417249,-0.17311239,0.84458256
1562943820973,ORI,0,0,0,0.02776662,-0.45665863,-0.057164267
1562943820974,GYR,0,0,0,-0.3057309,-0.49960902,-0.083090626,-0.06924219,0.020240024,0.004261058
1562943820974,ORI,0,0,0,0.1296246,-0.46294424,-0.0216971
1562943820974,ORI,0,0,0,0.1290513,-0.46294424,-0.0216971
1562943820974,GYR,0,0,0,-0.23329292,-0.53263223,-0.096939065,-0.06924219,0.020240024,0.004261058
1562943820974,ROT,0,0,0,0.21136,-0.137245,-0.462727,0.849925,246.0
1562943820974,GRA,0,0,0,0.36963177,4.768917,8.561024
1562943820975,UAC,0,0,0,-0.16492753,-0.059522152,0.87213135
1562943820975,ORI,0,0,0,0.1290513,-0.46294424,-0.0216971
1562943820975,GYR,0,0,0,-0.16298546,-0.5411543,-0.10759171,-0.06924219,0.020240024,0.004261058
1562943820975,ORI,0,0,0,0.028454594,-0.4684283,-0.05657049
1562943820975,ORI,0,0,0,0.030838355,-0.4684283,-0.05657049
1562943820976,GYR,0,0,0,-0.08735169,-0.5251754,-0.08522116,-0.06924219,0.020240024,0.004261058
1562943820976,ROT,0,0,0,0.209438,-0.139104,-0.463852,0.849485,246.0
1562943820976,GRA,0,0,0,0.41224253,4.755011,8.566811
1562943820978,UAC,0,0,0,0.10610211,-0.11624527,0.58622265
1562943820978,ORI,0,0,0,0.030838355,-0.4684283,-0.05657049
1562943820978,GYR,0,0,0,-0.00958738,-0.48682585,-0.06498113,-0.06924219,0.020240024,0.004261058
1562943820978,ORI,0,0,0,-0.008840423,-0.46815035,-0.070540145
1562943820979,ORI,0,0,0,-0.006362739,-0.46815035,-0.070540145
1562943820979,GYR,0,0,0,0.05752428,-0.4644553,-0.06711166,-0.06924219,0.020240024,0.004261058
1562943820979,ROT,0,0,0,0.208137,-0.141273,-0.464817,0.84892,246.0
1562943820979,GRA,0,0,0,0.454712,4.7534356,8.565539
1562943820979,UAC,0,0,0,0.16418913,-0.31338835,0.19364738
1562943820979,ORI,0,0,0,-0.006362739,-0.46815035,-0.070540145
1562943820979,GYR,0,0,0,0.11930962,-0.4495416,-0.07882957,-0.06924219,0.020240024,0.004261058
1562943820980,ORI,0,0,0,-0.041586883,-0.4616682,-0.08273886
1562943820980,ORI,0,0,0,-0.039021026,-0.4616682,-0.08273886
1562943820980,GYR,0,0,0,0.17789917,-0.41864893,-0.08522116,-0.06924219,0.020240024,0.004261058
1562943820980,ROT,0,0,0,0.207568,-0.14353,-0.465537,0.848285,246.0
1562943820980,GRA,0,0,0,0.49275985,4.76398,8.55757
1562943820981,UAC,0,0,0,0.22190937,-0.46159935,0.060359
1562943820984,ORI,0,0,0,-0.11757039,-0.47294545,-0.111477286
1562943820984,GYR,0,0,0,0.22050974,-0.37603834,-0.09267801,-0.06924219,0.020240024,0.004261058
1562943820984,ORI,0,0,0,-0.15118346,-0.49073607,-0.12624134
1562943820985,ORI,0,0,0,-0.14875446,-0.49073607,-0.12624134
1562943820987,GYR,0,0,0,0.23542345,-0.3291667,-0.10226539,-0.06924219,0.020240024,0.004261058
1562943820987,ROT,0,0,0,0.207609,-0.145843,-0.4662,0.847516,246.0
1562943820988,GRA,0,0,0,0.52596915,4.784546,8.544109
1562943820988,UAC,0,0,0,0.50473464,-0.41033936,-0.42297745
1562943820988,ORI,0,0,0,-0.15963736,-0.5014121,-0.1320067
1562943820988,GYR,0,0,0,0.22264028,-0.2695119,-0.094808534,-0.06924219,0.020240024,0.004261058
1562943820989,ORI,0,0,0,-0.23016684,-0.52854127,-0.16589345
1562943820989,ORI,0,0,0,-0.22725335,-0.52854127,-0.16589345
1562943820989,GYR,0,0,0,0.19281286,-0.18322548,-0.06924219,-0.06924219,0.020240024,0.004261058
1562943820989,ROT,0,0,0,0.208101,-0.147902,-0.466794,0.846712,246.0
1562943820989,GRA,0,0,0,0.5509395,4.809993,8.528235
1562943820989,UAC,0,0,0,0.80178446,-0.026377678,-0.44900227
1562943820990,ORI,0,0,0,-0.22725335,-0.52854127,-0.16589345
1562943820990,GYR,0,0,0,0.16405073,-0.07669904,-0.037284255,-0.06924219,0.020240024,0.004261058
1562943820990,ORI,0,0,0,-0.2678354,-0.5423168,-0.18685517
1562943820990,ORI,0,0,0,-0.26354864,-0.5423168,-0.18685517
1562943820990,GYR,0,0,0,0.14274544,0.020240024,-0.0127831735,-0.06924219,0.020240024,0.004261058
1562943820990,ROT,0,0,0,0.208725,-0.149305,-0.467119,0.846133,246.0
1562943820990,GRA,0,0,0,0.5654998,4.831782,8.514955
1562943820991,UAC,0,0,0,0.95721245,0.10745621,-0.46086025
1562943820991,ORI,0,0,0,-0.2939762,-0.544026,-0.20106933
1562943820991,GYR,0,0,0,0.13422333,0.08735169,-0.00958738,-0.06924219,0.020240024,0.004261058
1562943820991,ORI,0,0,0,-0.31647146,-0.53309804,-0.20820014
1562943820991,ORI,0,0,0,-0.31585616,-0.53309804,-0.20820014
1562943820991,GYR,0,0,0,0.14594123,0.12357068,-0.033023197,-0.06924219,0.020240024,0.004261058
1562943820991,ROT,0,0,0,0.209559,-0.14983,-0.467018,0.84589,246.0
1562943820991,GRA,0,0,0,0.5662727,4.849137,8.5050335
1562943820991,UAC,0,0,0,1.1898742,0.16432142,-0.19236565
1562943820992,ORI,0,0,0,-0.29164177,-0.51789725,-0.19321446
1562943820992,GYR,0,0,0,0.17257284,0.13848437,-0.07669904,-0.06924219,0.020240024,0.004261058
1562943820992,GYR,0,0,0,0.21198763,0.15126756,-0.128897,-0.06924219,0.020240024,0.004261058
1562943820992,ORI,0,0,0,-0.22228697,-0.49374747,-0.15867715
1562943820992,ROT,0,0,0,0.21063,-0.149968,-0.466873,0.845679,246.0
1562943820992,ORI,0,0,0,-0.22228697,-0.49374747,-0.15867715
1562943820992,GYR,0,0,0,0.21198763,0.15126756,-0.128897,-0.06924219,0.020240024,0.004261058
1562943820993,GRA,0,0,0,0.5587305,4.8668714,8.495395
1562943820993,UAC,0,0,0,0.80596447,-0.21852875,0.032752037
1562943820993,ORI,0,0,0,-0.21968777,-0.49374747,-0.15867715
1562943821030,ORI,0,0,0,-0.12826045,-0.47248048,-0.12026067
1562943821030,GYR,0,0,0,0.25566345,0.1768339,-0.1768339,-0.06924219,0.020240024,0.004261058
1562943821030,ORI,0,0,0,-0.0594545,-0.46191722,-0.09452176
1562943821030,ORI,0,0,0,-0.05689328,-0.46191722,-0.09452176
1562943821030,GYR,0,0,0,0.29294774,0.21198763,-0.20879184,-0.06924219,0.020240024,0.004261058
1562943821030,ROT,0,0,0,0.212076,-0.150071,-0.467044,0.845205,246.0
1562943821030,GRA,0,0,0,0.5450917,4.8903303,8.4828005
1562943821030,UAC,0,0,0,0.25217748,-0.68491507,-0.07316685
1562943821031,ORI,0,0,0,-0.018043503,-0.4532733,-0.080619775
1562943821031,GYR,0,0,0,0.3174488,0.257794,-0.22370553,-0.06924219,0.020240024,0.004261058
1562943821031,ORI,0,0,0,-0.00220241,-0.45309043,-0.07514636
1562943821031,ORI,0,0,0,1.0496175E-4,-0.45309043,-0.07514636
1562943821031,GYR,0,0,0,0.3206446,0.30679616,-0.22264028,-0.06924219,0.020240024,0.004261058
1562943821031,ROT,0,0,0,0.214029,-0.150003,-0.46743,0.844511,246.0
1562943821031,GRA,0,0,0,0.5224122,4.920305,8.466879
1562943821031,UAC,0,0,0,0.07972956,-1.0153618,-0.46904802
1562943821031,ORI,0,0,0,-0.024701102,-0.461382,-0.08392743
1562943821031,GYR,0,0,0,0.30466563,0.35899413,-0.21092236,-0.06924219,0.020240024,0.004261058
1562943821032,ORI,0,0,0,-0.18570219,-0.48787484,-0.14617682
1562943821032,ORI,0,0,0,-0.18348825,-0.48787484,-0.14617682
1562943821032,GYR,0,0,0,0.27164245,0.40053943,-0.1917476,-0.06924219,0.020240024,0.004261058
1562943821032,ROT,0,0,0,0.216288,-0.149561,-0.467754,0.843834,246.0
1562943821032,GRA,0,0,0,0.49102047,4.951749,8.45041
1562943821032,UAC,0,0,0,0.64981663,-0.7954149,-0.70157623
1562943821032,ORI,0,0,0,-0.18348825,-0.48787484,-0.14617682
1562943821032,GYR,0,0,0,0.23648871,0.4314321,-0.17789917,-0.06924219,0.020240024,0.004261058
1562943821032,ORI,0,0,0,-0.24347821,-0.5033361,-0.17328303
1562943821032,ORI,0,0,0,-0.24302636,-0.5033361,-0.17328303
1562943821032,GYR,0,0,0,0.20772657,0.45699844,-0.1736381,-0.06924219,0.020240024,0.004261058
1562943821033,ROT,0,0,0,0.218479,-0.148676,-0.467869,0.843362,246.0
1562943821033,GRA,0,0,0,0.45440352,4.9782043,8.436904
1562943821033,UAC,0,0,0,0.90550303,-0.6351223,-0.66771936
1562943821033,ORI,0,0,0,-0.2535234,-0.5220675,-0.18203795
1562943821033,GYR,0,0,0,0.18109496,0.4857606,-0.17470337,-0.06924219,0.020240024,0.004261058
1562943821110,ORI,0,0,0,-0.25108698,-0.5220675,-0.18203795
1562943821110,GYR,0,0,0,0.15126756,0.51452273,-0.17257284,-0.06924219,0.020240024,0.004261058
1562943821110,ROT,0,0,0,0.220461,-0.147487,-0.467872,0.843053,246.0
1562943821110,ORI,0,0,0,-0.20700017,-0.54124105,-0.16676131
1562943821110,GRA,0,0,0,0.4156417,4.9987507,8.426747
1562943821110,UAC,0,0,0,1.00412,-0.48687744,-0.71382666
1562943821110,ORI,0,0,0,-0.14277011,-0.55972993,-0.14091805
1562943821111,GYR,0,0,0,0.11611383,0.54435015,-0.15765914,-0.06924219,0.020240024,0.004261058
1562943821111,ORI,0,0,0,-0.09221542,-0.57335186,-0.1192571
1562943821111,ORI,0,0,0,-0.09207041,-0.57335186,-0.1192571
1562943821111,GYR,0,0,0,0.07243799,0.5752428,-0.12996227,-0.06924219,0.020240024,0.004261058
1562943821111,ROT,0,0,0,0.222321,-0.145994,-0.467826,0.84285,246.0
1562943821111,GRA,0,0,0,0.37350568,5.0147886,8.4191885
1562943821111,UAC,0,0,0,0.548262,-0.012104034,-0.7266183
1562943821111,ORI,0,0,0,-0.049422026,-0.58246624,-0.10000698
1562943821112,GYR,0,0,0,0.015978966,0.60720074,-0.09374327,-0.06924219,0.020240024,0.004261058
1562943821112,ORI,0,0,0,-0.013262474,-0.5826801,-0.083103076
1562943821112,ORI,0,0,0,-0.013242053,-0.5826801,-0.083103076
1562943821112,GYR,0,0,0,-0.039414786,0.6348976,-0.05539375,-0.06924219,0.020240024,0.004261058
1562943821112,ROT,0,0,0,0.224005,-0.144139,-0.467581,0.84286,246.0
1562943821112,GRA,0,0,0,0.3284937,5.024957,8.415002
1562943821112,UAC,0,0,0,0.32033497,0.12616777,-0.6254668
1562943821113,ORI,0,0,0,0.017882917,-0.57742655,-0.06861645
1562943821113,GYR,0,0,0,-0.08735169,0.6498113,-0.022370555,-0.06924219,0.020240024,0.004261058
1562943821113,GYR,0,0,0,-0.12357068,0.6487461,0.0031957934,-0.06924219,0.020240024,0.004261058
1562943821113,ORI,0,0,0,0.0557653,-0.56212,-0.05180656
1562943821113,ROT,0,0,0,0.225367,-0.141858,-0.467032,0.843188,246.0
1562943821113,ORI,0,0,0,0.0557653,-0.56212,-0.05180656
1562943821113,GYR,0,0,0,-0.12357068,0.6487461,0.0031957934,-0.06924219,0.020240024,0.004261058
1562943821113,GRA,0,0,0,0.28163463,5.0264764,8.415793
1562943821114,UAC,0,0,0,0.13375938,0.026486397,-0.4047947
1562943821114,ORI,0,0,0,0.0557653,-0.56212,-0.05180656
1562943821114,ORI,0,0,0,0.10241568,-0.5459954,-0.0322183
1562943821114,GYR,0,0,0,-0.1470065,0.6295713,0.023435818,-0.06924219,0.020240024,0.004261058
1562943821114,GYR,0,0,0,-0.15765914,0.58056915,0.04261058,-0.06924219,0.020240024,0.004261058
1562943821114,ORI,0,0,0,0.10224771,-0.5459954,-0.0322183
1562943821114,ROT,0,0,0,0.226418,-0.139361,-0.466284,0.843736,246.0
1562943821115,GYR,0,0,0,-0.15765914,0.58056915,0.04261058,-0.06924219,0.020240024,0.004261058
1562943821115,GRA,0,0,0,0.23553208,5.0213737,8.420253
1562943821115,UAC,0,0,0,0.025435925,-0.09889507,-0.3230629
1562943821115,ORI,0,0,0,0.13003245,-0.5316917,-0.021694293
1562943821115,ORI,0,0,0,0.13003245,-0.5316917,-0.021694293
1562943821115,GYR,0,0,0,-0.1587244,0.43888897,0.080960095,-0.06924219,0.020240024,0.004261058
1562943821116,ORI,0,0,0,0.1408801,-0.51530296,-0.019167442
1562943821116,ROT,0,0,0,0.227175,-0.13706,-0.465484,0.844351,246.0
1562943821116,ORI,0,0,0,0.1408801,-0.51530296,-0.019167442
1562943821116,GYR,0,0,0,-0.1587244,0.43888897,0.080960095,-0.06924219,0.020240024,0.004261058
1562943821116,GRA,0,0,0,0.19574907,5.0134473,8.425993
1562943821116,UAC,0,0,0,-0.036534667,-0.30884075,-0.12050724
1562943821116,ORI,0,0,0,0.14080864,-0.51530296,-0.019167442
1562943821117,ORI,0,0,0,0.13703264,-0.5124102,-0.02109634
1562943821117,GYR,0,0,0,-0.1555286,0.37390783,0.094808534,-0.06924219,0.020240024,0.004261058
1562943821117,ORI,0,0,0,0.13013005,-0.51728845,-0.02334879
1562943821117,ORI,0,0,0,0.12805822,-0.51728845,-0.02334879
1562943821117,GYR,0,0,0,-0.15659387,0.32597092,0.10759171,-0.06924219,0.020240024,0.004261058
1562943821117,ROT,0,0,0,0.227594,-0.135346,-0.464696,0.844949,246.0
1562943821117,GRA,0,0,0,0.16864392,5.0053153,8.431414
1562943821118,UAC,0,0,0,0.025286421,-0.27916098,-0.12712479
1562943821118,ORI,0,0,0,0.09911786,-0.52884305,-0.034278117
1562943821118,GYR,0,0,0,-0.16085494,0.29933932,0.11930962,-0.06924219,0.020240024,0.004261058
1562943821118,ORI,0,0,0,0.059071843,-0.5468725,-0.05022463
1562943821118,ORI,0,0,0,0.059071843,-0.5468725,-0.05022463
1562943821118,GYR,0,0,0,-0.17576863,0.2908172,0.13209279,-0.06924219,0.020240024,0.004261058
1562943821119,ROT,0,0,0,0.22776,-0.134107,-0.463931,0.845522,246.0
1562943821119,GRA,0,0,0,0.15152225,4.9973216,8.436479
1562943821119,UAC,0,0,0,0.25429493,-0.07603979,-0.3632307
1562943821119,ORI,0,0,0,0.0188082,-0.5592211,-0.06761988
1562943821119,GYR,0,0,0,-0.19813919,0.30253512,0.14168017,-0.06924219,0.020240024,0.004261058
1562943821119,ORI,0,0,0,-0.0019153968,-0.56394416,-0.07690947
1562943821119,ORI,0,0,0,-0.0036766995,-0.56394416,-0.07690947
1562943821120,GYR,0,0,0,-0.22690132,0.3291667,0.14274544,-0.06924219,0.020240024,0.004261058
1562943821120,ROT,0,0,0,0.227766,-0.132994,-0.463116,0.846142,246.0
1562943821120,GRA,0,0,0,0.13826837,4.9879375,8.442256
1562943821120,UAC,0,0,0,0.47704148,0.07699633,-0.45759344
1562943821150,ORI,0,0,0,-0.022064365,-0.56789136,-0.085299976
1562943821150,GYR,0,0,0,-0.25885928,0.3653857,0.14061491,-0.06924219,0.020240024,0.004261058
1562943821151,GYR,0,0,0,-0.294013,0.4079963,0.12996227,-0.06924219,0.020240024,0.004261058
1562943821151,ORI,0,0,0,-0.023234827,-0.56970507,-0.08587109
1562943821151,ROT,0,0,0,0.227652,-0.131637,-0.462239,0.846864,246.0
1562943821151,ORI,0,0,0,-0.023234827,-0.56970507,-0.08587109
1562943821151,GYR,0,0,0,-0.294013,0.4079963,0.12996227,-0.06924219,0.020240024,0.004261058
1562943821151,GRA,0,0,0,0.12256372,4.974679,8.450317
1562943821151,UAC,0,0,0,0.56457216,0.15729237,-0.46804905
1562943821151,ORI,0,0,0,-0.025255594,-0.56970507,-0.08587109
1562943821152,ORI,0,0,0,0.001354947,-0.5594828,-0.07371463
1562943821152,GYR,0,0,0,-0.32277513,0.45593318,0.11504856,-0.06924219,0.020240024,0.004261058
1562943821152,ORI,0,0,0,0.036827862,-0.5476933,-0.058206808
1562943821152,ORI,0,0,0,0.036827862,-0.5476933,-0.058206808
1562943821152,GYR,0,0,0,-0.34408042,0.5134575,0.098004326,-0.06924219,0.020240024,0.004261058
1562943821152,ROT,0,0,0,0.227456,-0.129814,-0.461359,0.847678,246.0
1562943821152,GRA,0,0,0,0.10005919,4.956287,8.461415
1562943821152,UAC,0,0,0,0.36920434,-0.03620243,-0.40851784
1562943821152,ORI,0,0,0,0.06450933,-0.5417982,-0.046418827
1562943821153,GYR,0,0,0,-0.36218992,0.57098174,0.08735169,-0.06924219,0.020240024,0.004261058
1562943821153,ORI,0,0,0,0.08285544,-0.5372964,-0.038797807
1562943821153,ORI,0,0,0,0.080854826,-0.5372964,-0.038797807
1562943821153,GYR,0,0,0,-0.38562572,0.61572284,0.07989483,-0.06924219,0.020240024,0.004261058
1562943821153,ROT,0,0,0,0.22732,-0.127408,-0.46052,0.848536,246.0
1562943821153,GRA,0,0,0,0.06717297,4.9339833,8.474767
1562943821153,UAC,0,0,0,0.23928484,-0.2269826,-0.57988644
1562943821154,ORI,0,0,0,0.10144133,-0.53051776,-0.030557504
1562943821154,GYR,0,0,0,-0.4111921,0.64555025,0.07563378,-0.06924219,0.020240024,0.004261058
1562943821186,ORI,0,0,0,0.1345307,-0.51365274,-0.018530348
1562943821187,ORI,0,0,0,0.13261849,-0.51365274,-0.018530348
1562943821187,GYR,0,0,0,-0.43995422,0.67218184,0.07563378,-0.06924219,0.020240024,0.004261058
1562943821187,ROT,0,0,0,0.227259,-0.124457,-0.459662,0.849454,246.0
1562943821187,GRA,0,0,0,0.024676908,4.908311,8.489888
1562943821187,UAC,0,0,0,0.122566506,-0.42516804,-0.5447297
1562943821188,ORI,0,0,0,0.1583181,-0.4819459,-0.012575227
1562943821188,GYR,0,0,0,-0.4676511,0.7073356,0.080960095,-0.06924219,0.020240024,0.004261058
1562943821188,ORI,0,0,0,0.14998223,-0.46290287,-0.018459007
1562943821188,ORI,0,0,0,0.14742786,-0.46290287,-0.018459007
1562943821188,GYR,0,0,0,-0.47297743,0.757403,0.09054748,-0.06924219,0.020240024,0.004261058
1562943821189,ROT,0,0,0,0.227099,-0.121125,-0.45879,0.85045,246.0
1562943821189,GRA,0,0,0,-0.023143707,4.87797,8.507362
1562943821189,UAC,0,0,0,0.17996392,-0.63783884,-0.012734413
1562943821189,ORI,0,0,0,0.11624526,-0.4634705,-0.029761357
1562943821189,GYR,0,0,0,-0.45912898,0.8127968,0.098004326,-0.06924219,0.020240024,0.004261058
1562943821189,ORI,0,0,0,0.0942296,-0.47661337,-0.036594104
1562943821190,ORI,0,0,0,0.091931954,-0.47661337,-0.036594104
1562943821190,GYR,0,0,0,-0.42717105,0.850081,0.09054748,-0.06924219,0.020240024,0.004261058
1562943821190,ROT,0,0,0,0.226955,-0.11735,-0.457777,0.851563,246.0
1562943821190,GRA,0,0,0,-0.077744484,4.8442225,8.526301
1562943821190,UAC,0,0,0,0.3973704,-0.33354664,0.20415497
1562943821190,ORI,0,0,0,0.13189532,-0.48582992,-0.020435706
1562943821190,GYR,0,0,0,-0.37071204,0.85966843,0.066046394,-0.06924219,0.020240024,0.004261058
1562943821191,GYR,0,0,0,-0.294013,0.8479505,0.041545313,-0.06924219,0.020240024,0.004261058
1562943821191,ORI,0,0,0,0.2142485,-0.4822336,0.010972396
1562943821191,ROT,0,0,0,0.227188,-0.1133,-0.45662,0.852669,246.0
1562943821191,ORI,0,0,0,0.2142485,-0.4822336,0.010972396
1562943821191,GYR,0,0,0,-0.294013,0.8479505,0.041545313,-0.06924219,0.020240024,0.004261058
1562943821191,GRA,0,0,0,-0.13986616,4.8141084,8.542547
1562943821192,UAC,0,0,0,0.041703887,-0.13104963,0.40338707
1562943821192,ORI,0,0,0,0.21205069,-0.4822336,0.010972396
1562943821193,ORI,0,0,0,0.28233007,-0.48371735,0.039242983
1562943821194,GYR,0,0,0,-0.21198763,0.8127968,0.024501082,-0.06924219,0.020240024,0.004261058
1562943821199,ORI,0,0,0,0.31549618,-0.48602825,0.053438082
1562943821199,ORI,0,0,0,0.31320977,-0.48602825,0.053438082
1562943821199,GYR,0,0,0,-0.12144015,0.7456851,0.018109497,-0.06924219,0.020240024,0.004261058
1562943821200,ROT,0,0,0,0.228001,-0.109485,-0.455597,0.853498,246.0
1562943821200,GRA,0,0,0,-0.20459318,4.7950487,8.551959
1562943821200,UAC,0,0,0,-0.26706454,-0.12994671,0.26588535
1562943821233,ORI,0,0,0,0.3049027,-0.4938351,0.052260485
1562943821233,GYR,0,0,0,-0.033023197,0.65194184,0.023435818,-0.06924219,0.020240024,0.004261058
1562943821233,ORI,0,0,0,0.27159032,-0.5036699,0.040933695
1562943821234,ORI,0,0,0,0.267505,-0.5036699,0.040933695
1562943821234,GYR,0,0,0,0.05539375,0.5411543,0.033023197,-0.06924219,0.020240024,0.004261058
1562943821234,ROT,0,0,0,0.229338,-0.106424,-0.454701,0.854004,246.0
1562943821234,GRA,0,0,0,-0.26269466,4.7904835,8.552929
1562943821234,UAC,0,0,0,-0.09404141,0.013482094,0.15717697
1562943821234,ORI,0,0,0,0.2419077,-0.5131962,0.032367274
1562943821234,GYR,0,0,0,0.13954964,0.4133226,0.037284255,-0.06924219,0.020240024,0.004261058
1562943821235,ORI,0,0,0,0.242474,-0.5102665,0.03194945
1562943821235,ORI,0,0,0,0.23839904,-0.5102665,0.03194945
1562943821235,GYR,0,0,0,0.221575,0.27057716,0.035153728,-0.06924219,0.020240024,0.004261058
1562943821235,ROT,0,0,0,0.230963,-0.104627,-0.453885,0.854223,246.0
1562943821235,GRA,0,0,0,-0.30314037,4.8009934,8.545696
1562943821235,UAC,0,0,0,0.025412977,0.06522131,0.14405918
1562943821235,ORI,0,0,0,0.2579452,-0.4987663,0.037462097
1562943821236,GYR,0,0,0,0.30253512,0.14168017,0.029827405,-0.06924219,0.020240024,0.004261058
1562943821236,ORI,0,0,0,0.27715504,-0.48814523,0.042689323
1562943821236,ORI,0,0,0,0.27344987,-0.48814523,0.042689323
1562943821236,GYR,0,0,0,0.37710363,0.04261058,0.02876214,-0.06924219,0.020240024,0.004261058
1562943821236,ROT,0,0,0,0.232687,-0.104342,-0.453289,0.854106,246.0
1562943821236,GRA,0,0,0,-0.32078198,4.825587,8.531187
1562943821236,UAC,0,0,0,-0.055107683,-0.1485138,0.26870155
1562943821237,ORI,0,0,0,0.2647305,-0.48430654,0.038201448
1562943821237,GYR,0,0,0,0.43675843,-0.018109497,0.037284255,-0.06924219,0.020240024,0.004261058
1562943821239,ORI,0,0,0,0.23836349,-0.4846589,0.027774451
1562943821239,ORI,0,0,0,0.23420195,-0.4846589,0.027774451
1562943821239,GYR,0,0,0,0.47510794,-0.046871636,0.0479369,-0.06924219,0.020240024,0.004261058
1562943821239,ROT,0,0,0,0.234556,-0.105342,-0.452911,0.853672,246.0
1562943821239,GRA,0,0,0,-0.3198042,4.863009,8.509948
1562943821239,UAC,0,0,0,0.07798982,-0.2781129,0.19417286
1562943821242,ORI,0,0,0,0.20635965,-0.49283254,0.018383894
1562943821243,GYR,0,0,0,0.49960902,-0.054328486,0.060720075,-0.06924219,0.020240024,0.004261058
1562943821248,ORI,0,0,0,0.18834265,-0.49870712,0.012232675
1562943821248,ORI,0,0,0,0.1819218,-0.49870712,0.012232675
1562943821248,GYR,0,0,0,0.5006743,-0.04580637,0.066046394,-0.06924219,0.020240024,0.004261058
1562943821248,ROT,0,0,0,0.236615,-0.106946,-0.452507,0.853119,246.0
1562943821248,GRA,0,0,0,-0.31052318,4.908318,8.4842415
1562943821248,UAC,0,0,0,0.20757252,-0.32461882,-0.06862259
1562943821253,ORI,0,0,0,0.21022943,-0.4730278,0.018611284
1562943821253,GYR,0,0,0,0.46871635,-0.020240024,0.07563378,-0.06924219,0.020240024,0.004261058
1562943821259,ORI,0,0,0,0.17912562,-0.5111209,0.013170038
1562943821260,ORI,0,0,0,0.17510702,-0.5111209,0.013170038
1562943821261,GYR,0,0,0,0.43782368,0.039414786,0.08948222,-0.06924219,0.020240024,0.004261058
1562943821261,ROT,0,0,0,0.238755,-0.108614,-0.45201,0.852575,246.0
1562943821261,GRA,0,0,0,-0.30043784,4.9553227,8.457236
1562943821261,UAC,0,0,0,0.18791035,-0.16332817,0.08647251
1562943821262,ORI,0,0,0,0.17338459,-0.54605305,0.018010836
1562943821262,GYR,0,0,0,0.42717105,0.084155895,0.08522116,-0.06924219,0.020240024,0.004261058
1562943821269,GYR,0,0,0,0.39095205,0.11824436,0.07137272,-0.06924219,0.020240024,0.004261058
1562943821269,ORI,0,0,0,0.20322026,-0.57306576,0.036304373
1562943821269,ROT,0,0,0,0.240795,-0.109796,-0.451345,0.852202,246.0
1562943821269,ORI,0,0,0,0.20322026,-0.57306576,0.036304373
1562943821269,GYR,0,0,0,0.39095205,0.11824436,0.07137272,-0.06924219,0.020240024,0.004261058
1562943821270,GRA,0,0,0,-0.2964207,4.996721,8.432985
1562943821270,UAC,0,0,0,0.004328072,0.19630289,-0.3908615
1562943821270,ORI,0,0,0,0.19974907,-0.57306576,0.036304373
1562943821283,ORI,0,0,0,0.22496203,-0.58393073,0.050446987
1562943821284,GYR,0,0,0,0.34301516,0.14061491,0.066046394,-0.06924219,0.020240024,0.004261058
1562943821284,ORI,0,0,0,0.22121382,-0.5910688,0.05003362
1562943821284,ORI,0,0,0,0.2177042,-0.5910688,0.05003362
1562943821284,GYR,0,0,0,0.28336033,0.15978967,0.068176925,-0.06924219,0.020240024,0.004261058
1562943821284,ROT,0,0,0,0.242856,-0.110512,-0.450684,0.851875,246.0
1562943821284,GRA,0,0,0,-0.3002581,5.0345173,8.410341
1562943821284,UAC,0,0,0,-0.09717938,0.29856682,-0.47356272
1562943821284,ORI,0,0,0,0.21117909,-0.5941653,0.04741296
1562943821284,GYR,0,0,0,0.22370553,0.18216023,0.07563378,-0.06924219,0.020240024,0.004261058
1562943821288,ORI,0,0,0,0.19361502,-0.6031348,0.04031403
1562943821289,ORI,0,0,0,0.18857275,-0.6031348,0.04031403
1562943821289,GYR,0,0,0,0.17470337,0.2066613,0.07989483,-0.06924219,0.020240024,0.004261058
1562943821289,ROT,0,0,0,0.244589,-0.110803,-0.450044,0.851679,246.0
1562943821289,GRA,0,0,0,-0.3080705,5.063714,8.392509
1562943821289,UAC,0,0,0,-0.013949633,0.4393587,-0.4090438
1562943821293,ORI,0,0,0,0.17832604,-0.6021344,0.03507069
1562943821293,GYR,0,0,0,0.128897,0.21944448,0.0777643,-0.06924219,0.020240024,0.004261058
1562943821298,ORI,0,0,0,0.17897335,-0.58565426,0.032775145
1562943821298,ORI,0,0,0,0.17538093,-0.58565426,0.032775145
1562943821298,GYR,0,0,0,0.08628642,0.21411815,0.07243799,-0.06924219,0.020240024,0.004261058
1562943821298,ROT,0,0,0,0.245982,-0.110667,-0.449354,0.85166,246.0
1562943821298,GRA,0,0,0,-0.31935048,5.084193,8.379698
1562943821298,UAC,0,0,0,0.055988282,0.24649668,-0.3471508
1562943821302,ORI,0,0,0,0.19332983,-0.5716037,0.038975816
1562943821302,GYR,0,0,0,0.04580637,0.1949434,0.066046394,-0.06924219,0.020240024,0.004261058
1562943821322,ORI,0,0,0,0.21059406,-0.5577615,0.044470225
1562943821322,ORI,0,0,0,0.20717074,-0.5577615,0.044470225
1562943821323,GYR,0,0,0,0.011717909,0.16618125,0.05752428,-0.06924219,0.020240024,0.004261058
1562943821323,ROT,0,0,0,0.247029,-0.110295,-0.448733,0.851733,246.0
1562943821323,GRA,0,0,0,-0.33162513,5.097414,8.371186
1562943821323,UAC,0,0,0,-0.033490628,0.026177406,-0.1662569
1562943821323,ORI,0,0,0,0.22985873,-0.5503299,0.05334669
1562943821323,GYR,0,0,0,-0.020240024,0.13315806,0.0479369,-0.06924219,0.020240024,0.004261058
1562943821323,ORI,0,0,0,0.24810638,-0.5420611,0.05979495
1562943821324,ORI,0,0,0,0.24414007,-0.5420611,0.05979495
1562943821324,GYR,0,0,0,-0.053263225,0.10226539,0.040480047,-0.06924219,0.020240024,0.004261058
1562943821324,ROT,0,0,0,0.247663,-0.109937,-0.448277,0.851835,246.0
1562943821324,GRA,0,0,0,-0.3407507,5.1043663,8.366581
1562943821324,UAC,0,0,0,-0.15245485,-0.13400364,-0.12813282
1562943821324,ORI,0,0,0,0.2531216,-0.5363369,0.06250901
1562943821324,GYR,0,0,0,-0.084155895,0.07669904,0.036218993,-0.06924219,0.020240024,0.004261058
1562943821328,ORI,0,0,0,0.2525825,-0.5307336,0.060967475
1562943821328,ORI,0,0,0,0.24866486,-0.5307336,0.060967475
1562943821328,GYR,0,0,0,-0.11717909,0.058589544,0.037284255,-0.06924219,0.020240024,0.004261058
1562943821328,ROT,0,0,0,0.247889,-0.109678,-0.44801,0.851943,246.0
1562943821328,GRA,0,0,0,-0.34553427,5.105816,8.3654995
1562943821328,UAC,0,0,0,-0.15605098,-0.2743168,-0.14859962
1562943821332,ORI,0,0,0,0.23120186,-0.52862525,0.05286852
1562943821333,GYR,0,0,0,-0.15233281,0.05219796,0.037284255,-0.06924219,0.020240024,0.004261058
1562943821337,ORI,0,0,0,0.19091836,-0.531868,0.036043145
1562943821338,ORI,0,0,0,0.18481013,-0.531868,0.036043145
1562943821338,GYR,0,0,0,-0.1917476,0.060720075,0.03834952,-0.06924219,0.020240024,0.004261058
1562943821338,ROT,0,0,0,0.247747,-0.109451,-0.447847,0.852099,246.0
1562943821338,GRA,0,0,0,-0.34695277,5.101856,8.367856
1562943821338,UAC,0,0,0,0.056057274,-0.3517599,-0.30059338
1562943821341,ORI,0,0,0,0.13100469,-0.5403319,0.014007217
1562943821342,GYR,0,0,0,-0.23755397,0.083090626,0.037284255,-0.06924219,0.020240024,0.004261058
1562943821348,ORI,0,0,0,0.076243386,-0.5506774,-0.008903664
1562943821348,ORI,0,0,0,0.072438955,-0.5506774,-0.008903664
1562943821348,GYR,0,0,0,-0.29188246,0.111852765,0.029827405,-0.06924219,0.020240024,0.004261058
1562943821348,ROT,0,0,0,0.24729,-0.109049,-0.447718,0.852351,246.0
1562943821348,GRA,0,0,0,-0.34849223,5.0916343,8.374016
1562943821348,UAC,0,0,0,0.41792408,-0.30323076,-0.5761008
1562943821353,ORI,0,0,0,0.03877275,-0.55912,-0.023338431
1562943821353,GYR,0,0,0,-0.35260254,0.13848437,0.013848438,-0.06924219,0.020240024,0.004261058
1562943821358,ORI,0,0,0,0.033322226,-0.56278276,-0.025651542
1562943821358,ORI,0,0,0,0.029551232,-0.56278276,-0.025651542
1562943821358,GYR,0,0,0,-0.41971418,0.17150758,-0.0063915867,-0.06924219,0.020240024,0.004261058
1562943821358,ROT,0,0,0,0.246524,-0.108206,-0.447613,0.852736,246.0
1562943821358,GRA,0,0,0,-0.354534,5.0730643,8.385027
1562943821358,UAC,0,0,0,0.54966146,-0.27388716,-0.77984524
1562943821361,ORI,0,0,0,0.042823628,-0.5624622,-0.019720683
1562943821362,GYR,0,0,0,-0.4910869,0.21198763,-0.026631612,-0.06924219,0.020240024,0.004261058
1562943821367,ORI,0,0,0,0.06931286,-0.5623667,-0.007856179
1562943821368,ORI,0,0,0,0.06546493,-0.5623667,-0.007856179
1562943821368,GYR,0,0,0,-0.567786,0.25566345,-0.04261058,-0.06924219,0.020240024,0.004261058
1562943821368,ROT,0,0,0,0.245367,-0.106803,-0.44765,0.853227,246.0
1562943821368,GRA,0,0,0,-0.36699104,5.043837,8.402105
1562943821368,UAC,0,0,0,0.425649,-0.33803368,-0.9357872
1562943821373,ORI,0,0,0,0.10956948,-0.5603785,0.011775548
1562943821373,GYR,0,0,0,-0.6402239,0.28655612,-0.051132694,-0.06924219,0.020240024,0.004261058
1562943821379,ORI,0,0,0,0.10491437,-0.5065895,0.0045274165
1562943821379,ORI,0,0,0,0.10068963,-0.5065895,0.0045274165
1562943821380,GYR,0,0,0,-0.69987875,0.29294774,-0.05752428,-0.06924219,0.020240024,0.004261058
1562943821380,ROT,0,0,0,0.243792,-0.104694,-0.447807,0.853857,246.0
1562943821380,GRA,0,0,0,-0.387913,5.002298,8.425964
1562943821380,UAC,0,0,0,0.34960577,-0.30726814,0.035144806
1562943821382,ORI,0,0,0,0.17857541,-0.5840259,0.0484593
1562943821382,GYR,0,0,0,-0.68389976,0.22370553,-0.083090626,-0.06924219,0.020240024,0.004261058
1562943821390,GYR,0,0,0,-0.7637946,0.15233281,-0.08841695,-0.06924219,0.020240024,0.004261058
1562943821390,ORI,0,0,0,0.2742841,-0.516263,0.0778334
1562943821390,ROT,0,0,0,0.241736,-0.102124,-0.448043,0.854629,246.0
1562943821390,ORI,0,0,0,0.2742841,-0.516263,0.0778334
1562943821390,GYR,0,0,0,-0.7637946,0.15233281,-0.08841695,-0.06924219,0.020240024,0.004261058
1562943821390,GRA,0,0,0,-0.41246745,4.949427,8.455969
1562943821390,UAC,0,0,0,-0.18608299,-0.580009,-0.7813554
1562943821390,ORI,0,0,0,0.2697807,-0.516263,0.0778334
1562943821395,ORI,0,0,0,0.3084476,-0.47445858,0.082448795
1562943821395,GYR,0,0,0,-0.7914915,0.07350325,-0.07243799,-0.06924219,0.020240024,0.004261058
1562943821398,ORI,0,0,0,0.23913814,-0.46745554,0.053812835
1562943821398,ORI,0,0,0,0.23456186,-0.46745554,0.053812835
1562943821398,GYR,0,0,0,-0.7861652,0.0063915867,-0.05219796,-0.06924219,0.020240024,0.004261058
1562943821398,ROT,0,0,0,0.239119,-0.099955,-0.448614,0.855322,246.0
1562943821398,GRA,0,0,0,-0.42714652,4.8908696,8.489246
1562943821398,UAC,0,0,0,-0.024160504,-0.65552664,-0.1107378
1562943821402,ORI,0,0,0,0.20147918,-0.45989177,0.039973162
1562943821402,GYR,0,0,0,-0.74675035,-0.07669904,-0.06924219,-0.06924219,0.020240024,0.004261058
1562943821407,ORI,0,0,0,0.18077782,-0.45197955,0.031080162
1562943821408,ORI,0,0,0,0.17552452,-0.45197955,0.031080162
1562943821408,GYR,0,0,0,-0.664725,-0.17576863,-0.10333065,-0.06924219,0.020240024,0.004261058
1562943821408,ROT,0,0,0,0.236053,-0.098382,-0.449215,0.85604,246.0
1562943821408,GRA,0,0,0,-0.42795464,4.830079,8.52394
1562943821408,UAC,0,0,0,0.15142435,-0.50974226,0.37051964
1562943821414,ORI,0,0,0,0.15768231,-0.43309388,0.021920016
1562943821414,GYR,0,0,0,-0.5539375,-0.2609898,-0.15020229,-0.06924219,0.020240024,0.004261058
1562943821420,GYR,0,0,0,-0.4282363,-0.32597092,-0.20026971,-0.06924219,0.020240024,0.004261058
1562943821420,ORI,0,0,0,0.23117438,-0.42919296,0.046005353
1562943821420,ROT,0,0,0,0.23311,-0.097788,-0.45019,0.856402,246.0
1562943821420,ORI,0,0,0,0.23117438,-0.42919296,0.046005353
1562943821420,GYR,0,0,0,-0.4282363,-0.32597092,-0.20026971,-0.06924219,0.020240024,0.004261058
1562943821421,GRA,0,0,0,-0.4157618,4.7789583,8.553306
1562943821421,UAC,0,0,0,-8.293092E-4,-0.63339806,0.49557972
1562943821421,ORI,0,0,0,0.2286335,-0.42919296,0.046005353
